time,open,high,low,close,volume
2022-10-21 20:00:00,232.62,232.62,232.62,232.62,100
2022-10-21 18:30:00,231.8,231.8,231.8,231.8,248
2022-10-21 17:55:00,230.0,230.0,230.0,230.0,112
2022-10-21 16:05:00,232.62,232.62,228.01,228.01,1120
2022-10-21 16:00:00,233.51,233.675,232.28,232.47,24899
2022-10-21 15:55:00,233.305,233.53,232.64,233.405,12850
2022-10-21 15:50:00,233.855,233.86,233.2,233.25,10553
2022-10-21 15:45:00,234.29,234.43,233.49,233.74,20129
2022-10-21 15:40:00,232.0301,233.9532,232.0301,233.9532,9972
2022-10-21 15:35:00,232.02,232.63,231.7,231.73,4546
2022-10-21 15:30:00,232.19,232.2899,231.86,231.86,1758
2022-10-21 15:25:00,231.03,232.115,231.03,231.44,7006
2022-10-21 15:20:00,230.71,230.97,230.58,230.97,1943
2022-10-21 15:15:00,230.0,230.27,229.71,229.99,2744
2022-10-21 15:05:00,229.12,229.97,229.07,229.63,2104
2022-10-21 15:00:00,228.0,228.0,228.0,228.0,234
2022-10-21 14:55:00,228.91,228.91,228.91,228.91,824
2022-10-21 14:45:00,229.43,229.43,228.78,228.78,1016
2022-10-21 14:40:00,229.705,230.55,229.705,230.15,548
2022-10-21 14:35:00,230.0,230.0,230.0,230.0,216
2022-10-21 14:30:00,229.95,229.95,229.0576,229.75,2221
2022-10-21 14:25:00,230.11,230.11,229.78,229.78,1989
2022-10-21 14:20:00,230.25,230.25,230.2045,230.2045,672
2022-10-21 14:15:00,231.58,231.685,231.45,231.45,3830
2022-10-21 14:10:00,231.72,231.72,231.5,231.665,1433
2022-10-21 14:05:00,231.39,231.87,231.39,231.87,2398
2022-10-21 14:00:00,230.89,231.28,230.32,231.17,13059
2022-10-21 13:55:00,230.58,231.73,230.5,230.5,7270
2022-10-21 13:50:00,231.0,231.48,230.3201,231.48,1913
2022-10-21 13:45:00,230.4,231.83,230.4,231.67,8035
2022-10-21 13:40:00,229.53,230.03,229.11,229.97,8535
2022-10-21 13:35:00,229.85,230.48,229.59,229.85,3440
2022-10-21 13:30:00,229.0,230.0,228.52,229.76,10287
2022-10-21 13:25:00,228.98,229.36,228.26,229.15,6526
2022-10-21 13:20:00,228.88,229.27,228.5,229.26,3673
2022-10-21 13:15:00,228.1,229.12,227.83,229.12,14366
2022-10-21 13:10:00,226.98,228.2,226.98,228.1,9508
2022-10-21 13:05:00,225.3398,226.98,225.3398,226.98,1034
2022-10-21 13:00:00,227.0,227.0,226.0,226.0,3428
2022-10-21 12:55:00,226.21,227.3499,225.5485,227.148,6375
2022-10-21 12:50:00,225.01,226.1,225.01,226.1,4156
2022-10-21 12:45:00,224.01,224.01,224.01,224.01,390
2022-10-21 12:40:00,224.21,224.21,224.0,224.0,798
2022-10-21 12:35:00,223.19,224.27,222.81,224.27,1030
2022-10-21 12:30:00,224.8399,224.8399,223.68,223.68,1191
2022-10-21 12:25:00,223.5,224.0,223.5,223.69,1845
2022-10-21 12:20:00,224.27,224.27,224.247,224.247,704
2022-10-21 12:15:00,222.7,224.65,222.5,224.65,1779
2022-10-21 12:10:00,223.65,223.75,223.36,223.59,4439
2022-10-21 12:05:00,222.0,223.55,221.5401,223.55,3524
2022-10-21 12:00:00,220.8288,222.0,220.01,221.57,2732
2022-10-21 11:55:00,221.04,221.41,220.6226,220.6226,2370
2022-10-21 11:45:00,219.605,220.79,218.85,220.79,3422
2022-10-21 11:40:00,218.3701,219.185,218.3701,219.185,369
2022-10-21 11:35:00,219.74,221.02,219.74,220.53,4224
2022-10-21 11:30:00,219.04,219.61,219.0,219.0,1390
2022-10-21 11:25:00,218.91,219.555,217.8,217.8,2078
2022-10-21 11:20:00,218.94,219.17,218.855,219.17,463
2022-10-21 11:15:00,219.18,219.96,218.2101,218.2101,797
2022-10-21 11:10:00,218.97,218.97,218.85,218.85,509
2022-10-21 11:05:00,218.89,218.95,217.77,218.1777,1292
2022-10-21 11:00:00,219.36,219.36,218.84,218.84,543
2022-10-21 10:55:00,218.8,219.9,218.8,219.5,7819
2022-10-21 10:50:00,217.55,218.98,217.49,218.88,2297
2022-10-21 10:45:00,216.85,218.02,216.85,218.02,2039
2022-10-21 10:40:00,218.6869,218.6869,217.24,217.24,4892
2022-10-21 10:35:00,219.79,219.79,219.0,219.0,2113
2022-10-21 10:30:00,220.74,220.74,220.375,220.6,1906
2022-10-21 10:25:00,222.28,222.4,220.83,220.85,1018
2022-10-21 10:20:00,224.0,224.0,222.82,223.0,2926
2022-10-21 10:15:00,224.195,224.485,223.99,223.99,1234
2022-10-21 10:10:00,222.11,226.12,222.11,226.12,4856
2022-10-21 10:05:00,223.49,224.15,221.92,223.46,4929
2022-10-21 10:00:00,219.5,223.0,219.5,223.0,2656
2022-10-21 09:55:00,219.25,221.685,218.3,221.48,1725
2022-10-21 09:50:00,217.7094,220.98,217.7094,218.67,2216
2022-10-21 09:45:00,218.1227,218.91,216.49,218.53,5862
2022-10-21 09:40:00,218.17,219.96,216.59,219.96,7378
2022-10-21 09:35:00,218.55,221.4,217.01,219.1999,17171
2022-10-21 09:20:00,218.0,218.0,218.0,218.0,274
2022-10-21 09:15:00,220.01,220.01,217.11,217.11,493
2022-10-21 09:10:00,222.8231,222.8231,222.8231,222.8231,184
2022-10-21 09:00:00,214.0,214.0,214.0,214.0,655
2022-10-21 08:50:00,214.0,214.0,214.0,214.0,400
2022-10-21 08:45:00,214.0,214.0,214.0,214.0,770
2022-10-21 08:40:00,214.7,214.7,214.0,214.0,2836
2022-10-21 08:20:00,214.0,214.0,214.0,214.0,371
2022-10-21 08:15:00,217.04,217.04,215.0,215.0,2310
2022-10-20 17:45:00,220.0,220.0,220.0,220.0,204
2022-10-20 17:20:00,220.0205,220.0205,220.0205,220.0205,100
2022-10-20 16:10:00,221.0,221.0,221.0,221.0,166
2022-10-20 16:05:00,221.01,221.01,221.01,221.01,374
2022-10-20 16:00:00,222.13,222.13,220.7,220.7,10952
2022-10-20 15:55:00,220.96,221.64,220.75,221.63,5917
2022-10-20 15:50:00,220.59,220.79,220.46,220.52,4648
2022-10-20 15:45:00,220.58,221.075,220.58,221.075,1358
2022-10-20 15:40:00,220.57,221.08,220.57,220.6,1582
2022-10-20 15:35:00,221.3,221.5099,221.3,221.5099,1019
2022-10-20 15:30:00,221.46,221.465,221.46,221.465,876
2022-10-20 15:25:00,220.96,221.52,220.85,221.14,2317
2022-10-20 15:20:00,221.45,221.45,221.45,221.45,363
2022-10-20 15:15:00,222.3819,222.3819,222.015,222.05,1333
2022-10-20 15:10:00,221.4,223.01,221.4,222.71,4037
2022-10-20 15:05:00,221.1763,221.885,221.1763,221.885,751
2022-10-20 15:00:00,221.0,221.72,220.79,220.79,3001
2022-10-20 14:55:00,220.5,220.985,220.29,220.985,3876
2022-10-20 14:50:00,220.31,220.91,220.31,220.91,1218
2022-10-20 14:45:00,221.09,221.24,220.29,220.29,1415
2022-10-20 14:40:00,221.1213,222.38,221.1213,221.62,2590
2022-10-20 14:35:00,220.94,220.99,220.94,220.99,1662
2022-10-20 14:25:00,220.66,220.72,219.22,220.21,2796
2022-10-20 14:20:00,220.5599,221.2,220.5599,221.2,778
2022-10-20 14:15:00,220.42,220.56,220.42,220.56,551
2022-10-20 14:10:00,220.95,221.75,220.26,220.55,3230
2022-10-20 14:05:00,221.51,221.51,221.1,221.1,1082
2022-10-20 14:00:00,222.25,222.25,221.5,221.98,1982
2022-10-20 13:55:00,221.44,222.04,221.43,221.9891,2296
2022-10-20 13:50:00,223.84,223.84,220.94,221.53,7375
2022-10-20 13:45:00,223.13,224.06,223.01,223.66,4271
2022-10-20 13:40:00,223.29,224.16,223.28,223.28,2055
2022-10-20 13:35:00,223.0,223.6,223.0,223.6,3354
2022-10-20 13:25:00,223.0204,224.05,222.87,223.8,2524
2022-10-20 13:20:00,223.72,223.9568,223.72,223.9568,876
2022-10-20 13:15:00,224.09,224.09,223.7,223.7,1234
2022-10-20 13:10:00,225.1403,225.185,223.7,223.915,5198
2022-10-20 13:05:00,225.4563,225.72,225.4563,225.55,1716
2022-10-20 13:00:00,225.0,225.49,225.0,225.46,1139
2022-10-20 12:55:00,224.5,224.5,224.5,224.5,178
2022-10-20 12:50:00,225.0,225.0,223.64,225.0,5588
2022-10-20 12:45:00,225.02,226.225,225.02,225.47,1556
2022-10-20 12:40:00,226.08,226.13,225.16,225.16,2342
2022-10-20 12:35:00,226.0801,227.0,226.0801,226.52,3537
2022-10-20 12:30:00,227.0,227.11,226.5,226.74,1873
2022-10-20 12:25:00,228.5,228.5,227.18,227.75,3158
2022-10-20 12:20:00,228.47,229.38,228.3168,229.3,2333
2022-10-20 12:15:00,229.31,229.98,228.724,228.724,3111
2022-10-20 12:10:00,230.0,230.05,229.0,230.05,2786
2022-10-20 12:05:00,231.65,231.65,231.0,231.0,675
2022-10-20 12:00:00,232.0,232.0,231.27,231.72,827
2022-10-20 11:55:00,232.7783,232.9813,232.5215,232.5215,487
2022-10-20 11:50:00,234.035,234.035,233.08,233.08,429
2022-10-20 11:45:00,234.2,234.2,233.83,233.995,1136
2022-10-20 11:40:00,233.07,233.41,233.07,233.41,1010
2022-10-20 11:35:00,232.69,232.69,232.69,232.69,617
2022-10-20 11:30:00,233.51,233.51,232.59,232.715,723
2022-10-20 11:25:00,232.54,232.993,232.54,232.993,389
2022-10-20 11:20:00,233.1921,233.1921,233.005,233.005,905
2022-10-20 11:15:00,234.5,234.89,234.445,234.87,2131
2022-10-20 11:10:00,233.29,234.85,233.16,233.16,2659
2022-10-20 11:05:00,234.2,234.6,233.12,233.12,1414
2022-10-20 11:00:00,234.2828,234.2828,234.0828,234.125,2786
2022-10-20 10:55:00,232.64,232.91,232.64,232.91,406
2022-10-20 10:50:00,233.5,234.03,232.89,233.66,14415
2022-10-20 10:45:00,231.38,233.0,230.84,232.2952,12991
2022-10-20 10:40:00,230.445,231.13,229.98,231.13,6205
2022-10-20 10:35:00,232.5,232.5,230.73,230.93,16357
2022-10-20 10:30:00,232.49,232.49,231.1491,232.26,6756
2022-10-20 10:25:00,233.33,233.41,231.7601,232.38,5442
2022-10-20 10:20:00,230.9461,233.33,230.65,232.99,6842
2022-10-20 10:15:00,231.58,231.875,230.26,230.26,4470
2022-10-20 10:10:00,228.73,230.0,228.595,229.9,3454
2022-10-20 10:05:00,226.4,228.6707,226.4,228.6707,2652
2022-10-20 10:00:00,226.6,227.2854,225.7101,227.0,2539
2022-10-20 09:55:00,228.18,230.38,227.98,227.98,5190
2022-10-20 09:50:00,228.1604,229.49,227.39,227.59,8223
2022-10-20 09:45:00,225.01,228.79,224.88,227.0,4391
2022-10-20 09:40:00,226.3,226.5,225.57,226.39,1428
2022-10-20 09:35:00,228.23,229.67,226.8,227.76,7829
2022-10-20 09:15:00,228.0,228.0,228.0,228.0,159
2022-10-20 08:35:00,230.0,230.0,230.0,230.0,500
2022-10-20 08:10:00,227.99,227.99,227.99,227.99,245
2022-10-19 16:05:00,226.08,226.08,226.08,226.08,575
2022-10-19 16:00:00,226.34,226.62,225.31,226.62,17211
2022-10-19 15:55:00,225.4399,226.21,224.79,226.21,10659
2022-10-19 15:50:00,225.675,226.06,225.675,225.93,2498
2022-10-19 15:45:00,225.8829,226.0,225.29,225.8799,2607
2022-10-19 15:40:00,225.66,226.2466,225.66,226.0,2168
2022-10-19 15:35:00,225.72,225.89,225.72,225.81,900
2022-10-19 15:30:00,226.0388,226.0388,225.7,225.7343,1624
2022-10-19 15:25:00,225.67,226.02,225.67,226.0148,1266
2022-10-19 15:20:00,225.31,226.49,225.31,226.19,2358
2022-10-19 15:15:00,225.46,225.5,225.46,225.5,706
2022-10-19 15:10:00,225.1504,225.1504,223.959,225.03,5486
2022-10-19 15:05:00,224.55,225.185,224.55,225.185,798
2022-10-19 15:00:00,224.96,225.22,224.92,225.04,2903
2022-10-19 14:55:00,224.63,224.63,224.4208,224.48,562
2022-10-19 14:45:00,224.85,225.8,224.85,225.8,1256
2022-10-19 14:40:00,225.86,225.86,225.3106,225.3106,3149
2022-10-19 14:35:00,226.0,226.0,226.0,226.0,970
2022-10-19 14:30:00,225.99,226.5,225.99,226.4999,1105
2022-10-19 14:25:00,226.01,226.01,225.66,225.9,997
2022-10-19 14:20:00,226.885,226.885,226.885,226.885,571
2022-10-19 14:15:00,226.63,226.665,226.5,226.54,1954
2022-10-19 14:10:00,225.79,227.24,225.57,226.58,3776
2022-10-19 14:05:00,225.75,226.6,225.75,226.15,3536
2022-10-19 14:00:00,225.2416,225.4175,225.2416,225.4175,304
2022-10-19 13:55:00,225.1,225.54,225.1,225.54,964
2022-10-19 13:50:00,225.4379,225.4379,224.79,224.79,516
2022-10-19 13:45:00,224.595,225.12,224.595,224.93,1927
2022-10-19 13:40:00,225.14,225.6,224.21,224.21,1660
2022-10-19 13:35:00,225.95,225.95,225.81,225.81,341
2022-10-19 13:30:00,225.76,226.5,225.6,225.6,3822
2022-10-19 13:25:00,225.75,225.7599,225.0801,225.7599,1832
2022-10-19 13:20:00,225.28,225.96,225.16,225.57,1636
2022-10-19 13:15:00,225.26,225.83,225.26,225.83,1040
2022-10-19 13:10:00,224.94,225.64,224.94,225.54,957
2022-10-19 13:05:00,226.52,226.53,225.11,225.11,5047
2022-10-19 13:00:00,226.5,226.5,226.03,226.4267,433
2022-10-19 12:55:00,226.86,227.1599,226.59,226.59,2729
2022-10-19 12:50:00,226.55,226.55,225.95,226.5,4241
2022-10-19 12:45:00,227.5,227.5,226.13,226.95,5542
2022-10-19 12:40:00,227.13,227.26,226.51,226.9792,1157
2022-10-19 12:35:00,226.79,228.24,226.78,227.695,2477
2022-10-19 12:30:00,226.11,226.75,226.11,226.75,4750
2022-10-19 12:20:00,227.0,227.669,226.65,227.669,3479
2022-10-19 12:15:00,228.27,228.27,228.0014,228.0014,1290
2022-10-19 12:10:00,228.26,228.26,227.36,227.8376,6395
2022-10-19 12:05:00,229.045,229.19,228.49,229.0,1444
2022-10-19 12:00:00,229.9899,230.16,229.82,229.82,1226
2022-10-19 11:55:00,228.92,230.07,228.92,229.26,3902
2022-10-19 11:50:00,229.57,229.57,229.3,229.3,1381
2022-10-19 11:45:00,229.5115,229.5115,228.89,228.89,2355
2022-10-19 11:40:00,229.01,229.45,229.0,229.45,1333
2022-10-19 11:35:00,230.54,230.72,230.54,230.72,787
2022-10-19 11:30:00,230.0,230.4808,230.0,230.4808,874
2022-10-19 11:25:00,230.6424,230.6424,230.6424,230.6424,192
2022-10-19 11:20:00,230.5,231.3006,230.25,231.3006,1024
2022-10-19 11:15:00,230.665,230.665,230.6,230.6,310
2022-10-19 11:10:00,229.805,230.55,229.805,230.26,3970
2022-10-19 11:05:00,229.65,230.51,229.18,229.18,3225
2022-10-19 11:00:00,229.55,229.55,228.12,229.18,3453
2022-10-19 10:55:00,230.98,231.49,230.0,230.0,1586
2022-10-19 10:50:00,231.29,231.29,231.29,231.29,340
2022-10-19 10:45:00,232.17,232.17,230.01,230.99,3716
2022-10-19 10:40:00,232.01,232.45,231.0878,232.45,2172
2022-10-19 10:35:00,233.77,233.77,231.53,231.53,4935
2022-10-19 10:30:00,232.0,233.75,232.0,233.3,3976
2022-10-19 10:25:00,231.01,233.65,231.01,232.39,6539
2022-10-19 10:20:00,231.5,232.6348,231.1274,231.59,5677
2022-10-19 10:15:00,229.73,231.31,229.65,231.31,2337
2022-10-19 10:10:00,230.95,231.275,229.59,230.975,2124
2022-10-19 10:05:00,228.78,230.7,228.33,230.44,4168
2022-10-19 10:00:00,231.2,231.94,228.5,229.21,8532
2022-10-19 09:55:00,228.94,232.0702,228.94,230.62,4021
2022-10-19 09:50:00,229.0808,230.33,228.62,229.1,6914
2022-10-19 09:45:00,231.45,231.45,228.12,229.78,6239
2022-10-19 09:40:00,234.49,234.49,230.87,230.87,2751
2022-10-19 09:35:00,228.08,233.33,228.08,232.22,29555
2022-10-19 09:15:00,227.0,227.0,227.0,227.0,200
2022-10-19 09:10:00,229.11,229.11,229.11,229.11,265
2022-10-18 19:10:00,237.0,237.0,236.0,236.0,1100
2022-10-18 17:45:00,237.0399,237.0399,237.0399,237.0399,302
2022-10-18 16:25:00,235.01,235.01,235.01,235.01,120
2022-10-18 16:10:00,236.0,236.0,236.0,236.0,280
2022-10-18 16:05:00,235.0,235.0,235.0,235.0,1406
2022-10-18 16:00:00,232.99,235.31,232.45,235.02,75322
2022-10-18 15:55:00,231.38,233.329,230.92,232.99,46023
2022-10-18 15:50:00,229.97,231.19,229.66,230.95,14582
2022-10-18 15:45:00,230.2,230.619,229.795,230.3,5933
2022-10-18 15:40:00,230.0,230.54,229.57,230.27,11688
2022-10-18 15:35:00,228.84,230.463,228.73,229.87,9625
2022-10-18 15:30:00,228.59,228.79,228.2,228.53,2732
2022-10-18 15:25:00,228.09,229.3,227.885,229.0489,4376
2022-10-18 15:20:00,227.95,228.58,227.79,228.42,10260
2022-10-18 15:15:00,227.82,228.145,227.82,227.87,6280
2022-10-18 15:10:00,226.8901,228.31,226.8901,228.02,6927
2022-10-18 15:05:00,227.63,227.63,226.75,226.75,780
2022-10-18 15:00:00,227.27,228.41,227.27,228.39,5324
2022-10-18 14:55:00,227.135,227.28,226.42,227.28,1226
2022-10-18 14:50:00,228.82,230.16,227.06,228.0,27043
2022-10-18 14:45:00,229.87,230.4,228.76,229.25,15884
2022-10-18 14:40:00,229.91,230.29,228.76,229.575,15057
2022-10-18 14:35:00,229.41,229.515,228.99,229.515,3143
2022-10-18 14:30:00,229.2775,229.49,228.79,229.46,2384
2022-10-18 14:25:00,229.205,229.5,228.91,229.285,2516
2022-10-18 14:20:00,228.4806,229.35,228.34,229.09,4326
2022-10-18 14:15:00,228.87,228.87,228.87,228.87,150
2022-10-18 14:10:00,228.91,229.5293,228.77,229.5293,1624
2022-10-18 14:05:00,229.2554,229.58,228.9452,229.18,883
2022-10-18 14:00:00,229.1,229.42,229.1,229.32,1826
2022-10-18 13:55:00,229.84,229.84,229.27,229.27,384
2022-10-18 13:50:00,229.26,229.66,229.075,229.21,1352
2022-10-18 13:45:00,229.0,229.6767,228.63,228.63,2318
2022-10-18 13:40:00,230.0,230.0,228.93,229.0301,928
2022-10-18 13:35:00,229.1,229.8549,228.77,229.8549,2101
2022-10-18 13:30:00,229.425,229.425,229.425,229.425,973
2022-10-18 13:25:00,229.45,229.7968,229.2984,229.7968,1742
2022-10-18 13:15:00,229.0,229.57,229.0,229.2087,2387
2022-10-18 13:10:00,227.955,228.89,227.9,228.505,8536
2022-10-18 13:05:00,228.07,229.0,227.69,227.94,15971
2022-10-18 13:00:00,229.965,230.5199,227.86,227.86,1142
2022-10-18 12:55:00,229.49,230.315,229.49,230.1714,3308
2022-10-18 12:50:00,230.28,230.28,228.9307,229.73,2544
2022-10-18 12:45:00,230.09,231.06,229.9,230.308,2418
2022-10-18 12:40:00,229.165,231.0,229.165,230.09,4581
2022-10-18 12:35:00,228.85,229.02,228.46,228.85,3982
2022-10-18 12:30:00,229.145,229.145,228.5,228.86,1535
2022-10-18 12:25:00,231.06,231.06,229.64,229.71,5800
2022-10-18 12:20:00,230.1753,231.98,229.97,231.4055,4491
2022-10-18 12:15:00,229.13,230.48,229.13,230.2656,3728
2022-10-18 12:10:00,227.34,229.85,227.0,229.13,5816
2022-10-18 12:05:00,226.6056,227.43,226.48,227.43,3198
2022-10-18 12:00:00,227.11,227.92,224.92,225.62,15911
2022-10-18 11:55:00,225.135,227.5,225.135,227.295,3808
2022-10-18 11:50:00,223.73,225.155,223.73,225.155,1736
2022-10-18 11:45:00,222.65,223.01,222.16,223.01,8347
2022-10-18 11:40:00,222.8,223.47,221.72,222.325,16031
2022-10-18 11:35:00,223.39,223.59,222.31,222.805,12110
2022-10-18 11:30:00,223.75,223.775,222.83,223.095,8508
2022-10-18 11:25:00,225.0,225.0,223.465,223.745,4737
2022-10-18 11:20:00,223.75,225.32,223.585,224.77,7166
2022-10-18 11:15:00,223.75,223.95,223.0,223.735,10323
2022-10-18 11:10:00,225.66,225.66,223.445,223.85,4586
2022-10-18 11:05:00,223.735,225.21,223.475,224.505,4163
2022-10-18 11:00:00,224.44,224.46,223.69,223.69,2315
2022-10-18 10:55:00,223.75,224.96,223.375,224.96,15309
2022-10-18 10:50:00,221.99,224.42,221.99,224.42,3850
2022-10-18 10:45:00,220.86,222.28,220.86,222.28,3239
2022-10-18 10:40:00,222.07,222.07,219.64,219.94,3932
2022-10-18 10:35:00,223.0,223.0,221.65,222.5,5931
2022-10-18 10:30:00,225.22,225.22,223.01,223.0569,10152
2022-10-18 10:25:00,226.64,228.03,225.27,225.27,6482
2022-10-18 10:20:00,227.515,227.78,226.57,226.86,2511
2022-10-18 10:15:00,227.0099,228.6,227.0099,227.81,3965
2022-10-18 10:10:00,226.3249,227.63,225.5,227.63,4489
2022-10-18 10:05:00,225.83,226.81,225.19,226.5,4049
2022-10-18 10:00:00,225.0111,226.06,224.7,225.34,3819
2022-10-18 09:55:00,228.16,229.28,224.69,224.69,4604
2022-10-18 09:50:00,227.68,228.13,226.9,227.7971,3393
2022-10-18 09:45:00,228.0,228.99,226.7561,226.9001,8863
2022-10-18 09:40:00,228.325,230.0,228.165,228.8043,4166
2022-10-18 09:35:00,230.2,234.66,228.03,228.03,26023
2022-10-18 09:20:00,230.0,230.0,230.0,230.0,1277
2022-10-18 09:10:00,230.0,230.0,230.0,230.0,295
2022-10-18 08:15:00,228.75,228.75,228.75,228.75,348
2022-10-18 08:05:00,228.85,228.85,228.85,228.85,376
2022-10-17 18:15:00,222.5,222.58,222.5,222.58,345
2022-10-17 16:40:00,222.4999,222.4999,222.4999,222.4999,100
2022-10-17 16:05:00,221.13,221.51,221.1,221.1,1076
2022-10-17 16:00:00,222.22,222.22,221.12,221.12,18027
2022-10-17 15:55:00,222.06,222.49,221.785,222.49,5651
2022-10-17 15:50:00,221.93,221.93,221.31,221.64,6575
2022-10-17 15:45:00,221.55,222.1543,221.315,222.1543,3447
2022-10-17 15:40:00,221.98,222.12,221.72,221.735,2463
2022-10-17 15:35:00,221.5,222.35,221.43,222.16,4568
2022-10-17 15:30:00,221.6,221.6,221.2901,221.33,1455
2022-10-17 15:25:00,221.03,221.39,220.84,221.35,3037
2022-10-17 15:20:00,221.73,221.73,220.95,221.18,1590
2022-10-17 15:15:00,220.5346,221.26,220.5346,221.26,2393
2022-10-17 15:10:00,221.48,221.485,220.56,220.56,1957
2022-10-17 15:05:00,221.62,221.77,221.13,221.18,3025
2022-10-17 15:00:00,221.515,222.0,221.515,221.93,1612
2022-10-17 14:55:00,221.765,222.0,221.7,221.94,1388
2022-10-17 14:50:00,222.23,222.23,221.716,221.716,359
2022-10-17 14:45:00,222.01,222.01,222.01,222.01,430
2022-10-17 14:40:00,221.0,222.2,221.0,222.2,3710
2022-10-17 14:35:00,221.16,221.16,220.96,220.96,1579
2022-10-17 14:30:00,220.86,221.435,220.69,221.0,5186
2022-10-17 14:25:00,221.515,221.61,221.3,221.48,1292
2022-10-17 14:20:00,221.87,221.87,221.715,221.715,261
2022-10-17 14:15:00,222.41,223.05,222.22,222.41,3289
2022-10-17 14:10:00,222.69,222.69,222.57,222.57,910
2022-10-17 14:05:00,222.81,222.98,221.6101,221.6101,7707
2022-10-17 14:00:00,222.27,222.63,222.27,222.63,1014
2022-10-17 13:55:00,222.3,222.3,222.3,222.3,430
2022-10-17 13:50:00,220.99,221.5,220.99,221.434,2664
2022-10-17 13:45:00,221.0,221.0,221.0,221.0,612
2022-10-17 13:35:00,221.75,221.75,221.58,221.58,1486
2022-10-17 13:30:00,222.41,222.6723,222.41,222.6723,1281
2022-10-17 13:25:00,222.375,222.71,222.375,222.665,1417
2022-10-17 13:20:00,222.88,223.0899,221.7,221.7,1572
2022-10-17 13:10:00,222.575,223.17,222.405,223.17,2386
2022-10-17 13:05:00,222.65,222.65,222.0,222.4,3413
2022-10-17 13:00:00,222.69,222.93,222.69,222.93,205
2022-10-17 12:50:00,222.75,222.75,222.75,222.75,191
2022-10-17 12:45:00,222.7896,222.7896,222.1,222.1,1307
2022-10-17 12:40:00,224.27,224.76,223.435,223.5116,3405
2022-10-17 12:35:00,224.07,224.38,223.775,223.775,748
2022-10-17 12:30:00,223.19,223.2,223.01,223.0401,1125
2022-10-17 12:25:00,222.725,222.79,222.35,222.65,2147
2022-10-17 12:20:00,223.6137,223.665,222.85,223.155,971
2022-10-17 12:15:00,224.09,224.27,222.56,222.56,2609
2022-10-17 12:10:00,223.9899,223.99,223.445,223.99,1311
2022-10-17 12:05:00,223.01,223.17,222.8,223.17,2241
2022-10-17 12:00:00,224.55,224.55,223.46,223.46,2957
2022-10-17 11:55:00,224.55,224.79,223.94,224.555,7722
2022-10-17 11:50:00,224.6222,224.6222,224.24,224.315,2799
2022-10-17 11:45:00,225.28,225.5,224.2,224.525,3667
2022-10-17 11:40:00,224.0928,225.0,223.51,225.0,2479
2022-10-17 11:35:00,223.46,224.165,223.28,224.165,3865
2022-10-17 11:30:00,222.6501,223.88,222.35,223.88,3108
2022-10-17 11:25:00,220.578,222.55,220.578,222.55,2130
2022-10-17 11:20:00,221.57,221.57,220.01,220.01,3068
2022-10-17 11:15:00,221.3,221.3,221.1,221.1,1084
2022-10-17 11:10:00,221.1357,221.38,219.92,219.92,1858
2022-10-17 11:05:00,220.5,221.0,219.98,221.0,1287
2022-10-17 11:00:00,219.05,219.64,218.81,219.17,4459
2022-10-17 10:55:00,221.915,221.915,219.0,219.0,6999
2022-10-17 10:50:00,223.3092,223.3092,221.52,222.0,15157
2022-10-17 10:45:00,223.41,224.17,222.8,223.44,2545
2022-10-17 10:40:00,222.77,223.7,222.77,223.29,2582
2022-10-17 10:35:00,223.46,224.69,221.93,222.45,4935
2022-10-17 10:30:00,224.5,224.5,223.39,223.75,7103
2022-10-17 10:25:00,223.795,224.5,223.3219,224.155,1654
2022-10-17 10:20:00,226.27,226.27,222.96,222.96,8642
2022-10-17 10:15:00,224.0,225.76,224.0,225.455,8591
2022-10-17 10:10:00,223.6297,225.76,223.6297,224.01,11985
2022-10-17 10:05:00,222.51,223.5,221.5121,223.21,8031
2022-10-17 10:00:00,222.42,223.02,221.42,222.57,6739
2022-10-17 09:55:00,222.23,222.92,220.76,221.7,7017
2022-10-17 09:50:00,221.0716,221.5,219.4,221.5,7386
2022-10-17 09:45:00,222.85,223.1,220.04,220.96,9105
2022-10-17 09:40:00,221.77,224.0,220.9201,222.3792,10473
2022-10-17 09:35:00,220.0,222.76,219.3,221.77,22329
2022-10-17 09:30:00,220.0,220.0,220.0,220.0,514
2022-10-17 09:20:00,219.3,219.3,219.3,219.3,604
2022-10-17 09:05:00,218.31,218.31,218.31,218.31,184
2022-10-17 08:25:00,216.99,216.99,216.99,216.99,300
2022-10-17 07:45:00,217.49,217.5,217.49,217.5,365
2022-10-17 07:40:00,219.0,219.0,217.49,217.49,1479
2022-10-17 07:35:00,219.0,219.0,219.0,219.0,550
2022-10-17 07:30:00,219.0,219.0,219.0,219.0,665
2022-10-17 07:25:00,219.08,219.08,219.0,219.0,1547
2022-10-17 07:20:00,218.6,220.0,218.6,220.0,1913
2022-10-17 07:15:00,217.03,217.03,217.03,217.03,410
2022-10-17 07:10:00,214.7,214.7,214.7,214.7,265
2022-10-17 07:05:00,214.1,214.2,214.1,214.16,355
2022-10-17 06:40:00,214.12,214.12,214.12,214.12,100
2022-10-17 06:15:00,214.0,214.0,214.0,214.0,921
2022-10-14 17:20:00,209.94,209.94,209.94,209.94,103
2022-10-14 16:40:00,209.94,209.94,209.94,209.94,200
2022-10-14 16:05:00,209.31,209.31,209.31,209.31,837
2022-10-14 16:00:00,209.8,210.4194,208.17,210.14,29312
2022-10-14 15:55:00,210.35,211.1,209.855,210.15,12758
2022-10-14 15:50:00,210.9,210.9,209.5,210.205,11572
2022-10-14 15:45:00,209.8438,210.98,209.8438,210.785,5832
2022-10-14 15:40:00,209.82,210.225,209.22,209.9183,5514
2022-10-14 15:35:00,208.42,209.35,208.42,209.35,4043
2022-10-14 15:30:00,208.5701,209.0599,208.38,209.0599,2756
2022-10-14 15:25:00,208.71,209.0,208.4627,209.0,2187
2022-10-14 15:20:00,208.6316,208.8,208.26,208.485,1368
2022-10-14 15:15:00,209.015,209.7,209.015,209.25,3207
2022-10-14 15:10:00,209.0,209.3675,208.86,209.3675,1464
2022-10-14 15:05:00,209.45,209.665,209.14,209.53,5185
2022-10-14 15:00:00,208.84,209.1,208.745,209.1,2756
2022-10-14 14:55:00,207.78,208.8,207.78,208.735,5761
2022-10-14 14:50:00,208.26,208.26,207.43,207.7461,3572
2022-10-14 14:45:00,208.3,208.71,208.13,208.35,4908
2022-10-14 14:40:00,208.63,208.63,208.012,208.275,2671
2022-10-14 14:35:00,209.235,209.4121,208.54,208.54,1974
2022-10-14 14:30:00,208.67,208.67,208.09,208.5,1111
2022-10-14 14:25:00,208.0,208.96,208.0,208.96,696
2022-10-14 14:20:00,210.0,210.13,208.58,209.03,3749
2022-10-14 14:15:00,210.07,210.18,210.06,210.18,565
2022-10-14 14:10:00,211.11,211.51,210.93,211.51,1700
2022-10-14 14:05:00,212.05,212.05,212.05,212.05,666
2022-10-14 14:00:00,211.7775,212.5994,211.7775,212.5994,1930
2022-10-14 13:55:00,211.92,212.0749,211.0,212.0749,2319
2022-10-14 13:50:00,211.48,212.05,211.24,211.32,1137
2022-10-14 13:45:00,212.2453,212.2453,211.885,211.9889,1543
2022-10-14 13:40:00,211.99,211.99,211.01,211.1767,1929
2022-10-14 13:35:00,212.33,212.49,211.8,212.43,4670
2022-10-14 13:30:00,212.19,212.19,211.769,211.769,929
2022-10-14 13:25:00,211.455,211.88,211.312,211.54,1895
2022-10-14 13:20:00,211.22,211.76,210.77,211.63,2400
2022-10-14 13:15:00,211.8,211.8,211.21,211.21,243
2022-10-14 13:10:00,211.7,211.7,211.31,211.31,1386
2022-10-14 13:05:00,212.84,213.3,212.2676,212.73,4695
2022-10-14 13:00:00,212.74,212.74,211.8,211.8,1251
2022-10-14 12:55:00,212.76,212.825,211.6918,211.6918,502
2022-10-14 12:50:00,213.61,213.61,213.24,213.24,404
2022-10-14 12:45:00,214.0,214.61,214.0,214.1902,2077
2022-10-14 12:40:00,213.4274,213.5,212.85,212.85,2499
2022-10-14 12:35:00,213.4367,213.5,213.13,213.21,1517
2022-10-14 12:30:00,212.4826,213.43,212.3,213.16,5758
2022-10-14 12:25:00,211.3,213.23,210.8101,212.74,4893
2022-10-14 12:20:00,211.4,211.6,210.0,211.3279,7092
2022-10-14 12:15:00,211.48,211.73,211.0905,211.73,2503
2022-10-14 12:10:00,213.5,213.5,211.62,212.2,2964
2022-10-14 12:05:00,212.23,213.4425,212.23,213.4425,1835
2022-10-14 12:00:00,211.7901,213.2456,211.7901,213.2456,1384
2022-10-14 11:55:00,212.28,212.78,212.22,212.395,1202
2022-10-14 11:50:00,212.06,212.44,211.71,211.98,2821
2022-10-14 11:45:00,213.705,214.15,213.38,213.48,2868
2022-10-14 11:40:00,213.23,214.265,213.23,214.265,1312
2022-10-14 11:35:00,213.5719,213.93,213.05,213.05,1928
2022-10-14 11:30:00,213.5702,213.6271,212.67,213.6271,1699
2022-10-14 11:25:00,211.53,213.03,211.53,212.0,1513
2022-10-14 11:20:00,212.51,213.21,211.0255,211.0255,9192
2022-10-14 11:15:00,214.56,214.56,212.65,213.13,4706
2022-10-14 11:10:00,215.8247,215.9366,214.07,214.1,3758
2022-10-14 11:05:00,215.0104,216.07,215.0104,216.07,1685
2022-10-14 11:00:00,215.04,215.04,215.0,215.0,678
2022-10-14 10:55:00,212.1907,214.97,212.1907,214.97,2557
2022-10-14 10:50:00,213.5,213.655,212.23,212.23,897
2022-10-14 10:45:00,214.61,215.26,213.2,213.52,6262
2022-10-14 10:40:00,214.78,215.16,213.94,213.94,1789
2022-10-14 10:35:00,212.968,215.8,212.968,214.58,6217
2022-10-14 10:30:00,211.735,214.85,211.73,213.02,8234
2022-10-14 10:25:00,213.0,213.0,211.66,211.66,5844
2022-10-14 10:20:00,213.95,214.9589,213.28,214.1375,4249
2022-10-14 10:15:00,216.92,216.92,213.14,214.27,9651
2022-10-14 10:10:00,219.73,220.21,216.0,217.95,14859
2022-10-14 10:05:00,220.48,220.48,216.4207,219.74,8503
2022-10-14 10:00:00,221.79,221.81,220.4984,220.4984,2735
2022-10-14 09:55:00,220.89,221.8,220.16,221.04,9549
2022-10-14 09:50:00,221.4,221.824,220.02,220.92,8323
2022-10-14 09:45:00,228.4,228.4,221.49,222.36,19107
2022-10-14 09:40:00,225.79,228.79,224.61,228.79,12975
2022-10-14 09:35:00,223.34,226.79,223.34,224.93,26238
2022-10-14 09:30:00,226.51,227.8,225.0,225.0,1031
2022-10-14 09:10:00,227.99,227.99,227.99,227.99,201
2022-10-14 09:05:00,228.0,228.0,228.0,228.0,251
2022-10-14 09:00:00,227.07,227.07,227.07,227.07,293
2022-10-14 08:55:00,226.8101,226.8101,226.8101,226.8101,314
2022-10-14 08:50:00,225.0,225.0,225.0,225.0,581
2022-10-14 08:40:00,224.92,224.92,224.92,224.92,250
2022-10-14 08:35:00,221.01,221.01,218.28,218.28,418
2022-10-14 08:05:00,221.6633,221.6633,221.6633,221.6633,427
2022-10-14 07:55:00,222.5,222.5,222.5,222.5,250
2022-10-14 07:45:00,222.89,222.89,222.89,222.89,264
2022-10-14 07:40:00,222.89,222.89,222.89,222.89,184
2022-10-14 04:50:00,220.36,220.36,220.36,220.36,290
2022-10-13 16:05:00,220.54,220.54,220.54,220.54,688
2022-10-13 16:00:00,220.62,221.2,220.21,220.43,18921
2022-10-13 15:55:00,219.97,221.4,219.855,220.73,8918
2022-10-13 15:50:00,220.2806,220.7,220.155,220.41,4021
2022-10-13 15:45:00,219.51,220.55,219.47,220.55,3676
2022-10-13 15:40:00,219.768,219.768,219.29,219.5,741
2022-10-13 15:35:00,220.56,221.01,220.285,220.4177,2542
2022-10-13 15:30:00,220.92,220.92,220.155,220.155,1435
2022-10-13 15:25:00,220.87,220.87,220.01,220.26,2183
2022-10-13 15:20:00,222.01,222.2,221.1,221.1,1912
2022-10-13 15:15:00,222.68,222.68,222.01,222.01,2332
2022-10-13 15:10:00,221.615,222.3,221.615,222.26,2519
2022-10-13 15:05:00,222.4,222.4,220.67,220.67,1025
2022-10-13 15:00:00,221.535,222.5021,221.31,222.12,3357
2022-10-13 14:55:00,220.8321,222.0,220.25,222.0,2850
2022-10-13 14:50:00,219.635,221.15,219.2,220.05,4712
2022-10-13 14:45:00,219.2322,219.55,219.0501,219.27,1779
2022-10-13 14:40:00,218.035,219.4551,218.035,219.315,3927
2022-10-13 14:35:00,218.37,218.5058,218.01,218.1537,3592
2022-10-13 14:30:00,221.2881,221.2881,217.56,217.56,2005
2022-10-13 14:25:00,220.7225,220.86,220.7225,220.86,598
2022-10-13 14:20:00,221.1817,221.1817,220.7,221.175,2674
2022-10-13 14:15:00,220.86,221.0773,219.48,220.5,6106
2022-10-13 14:10:00,220.93,220.93,219.46,219.81,5134
2022-10-13 14:05:00,220.0,220.48,218.69,220.0003,1204
2022-10-13 14:00:00,219.615,220.059,219.26,220.0,2291
2022-10-13 13:55:00,219.8,220.0,219.8,220.0,884
2022-10-13 13:50:00,220.27,220.27,218.9801,218.9801,1640
2022-10-13 13:45:00,220.9385,220.98,219.73,219.74,2771
2022-10-13 13:40:00,222.74,222.74,220.44,220.44,6053
2022-10-13 13:35:00,222.0,223.0,222.0,222.8,4078
2022-10-13 13:30:00,220.8407,222.0,220.8407,221.815,3361
2022-10-13 13:25:00,220.23,220.99,220.23,220.2773,639
2022-10-13 13:20:00,219.15,220.019,219.15,219.745,1875
2022-10-13 13:15:00,219.77,220.47,219.0,219.2,12280
2022-10-13 13:10:00,220.4,220.4,218.97,219.48,2990
2022-10-13 13:05:00,218.75,220.63,218.67,220.48,7031
2022-10-13 13:00:00,218.6331,219.0,218.29,218.736,1444
2022-10-13 12:55:00,218.78,219.64,218.73,219.08,4349
2022-10-13 12:50:00,217.99,218.6517,217.88,218.6517,1461
2022-10-13 12:45:00,216.0,218.5,216.0,218.5,2128
2022-10-13 12:40:00,217.125,217.125,216.01,216.01,429
2022-10-13 12:35:00,215.83,216.56,215.3,216.55,9601
2022-10-13 12:30:00,215.995,216.56,215.55,216.34,8228
2022-10-13 12:25:00,215.57,216.6,214.9,216.34,11205
2022-10-13 12:20:00,216.91,216.91,215.9906,216.2097,1070
2022-10-13 12:15:00,218.57,218.59,217.06,217.79,2683
2022-10-13 12:10:00,219.29,219.45,218.72,219.215,2480
2022-10-13 12:05:00,220.0,221.51,218.95,219.9,4562
2022-10-13 12:00:00,219.4513,220.27,218.2401,218.8,1744
2022-10-13 11:55:00,217.6975,220.79,217.6975,219.66,11275
2022-10-13 11:50:00,219.99,219.99,218.3,218.3,3381
2022-10-13 11:45:00,219.99,221.615,218.34,218.34,10429
2022-10-13 11:40:00,216.3177,220.0,215.8,220.0,5383
2022-10-13 11:35:00,216.6,217.46,215.0,215.29,12033
2022-10-13 11:30:00,216.2428,219.289,215.45,215.45,17918
2022-10-13 11:25:00,217.69,221.28,215.7801,215.7801,11746
2022-10-13 11:20:00,214.5,217.17,213.35,216.0,13612
2022-10-13 11:15:00,211.9412,213.93,211.5,213.815,4696
2022-10-13 11:10:00,209.31,212.6653,209.31,212.595,11278
2022-10-13 11:05:00,207.22,209.33,206.77,208.63,9292
2022-10-13 11:00:00,205.25,208.87,205.25,207.454,9016
2022-10-13 10:55:00,206.4,206.85,205.1031,206.59,3979
2022-10-13 10:50:00,204.19,206.17,204.19,206.17,7611
2022-10-13 10:45:00,205.58,206.01,204.385,204.48,6087
2022-10-13 10:40:00,204.82,205.63,203.98,205.38,2306
2022-10-13 10:35:00,203.94,206.2,203.83,204.24,8756
2022-10-13 10:30:00,205.17,205.49,203.77,203.81,9671
2022-10-13 10:25:00,208.95,208.95,206.0,206.0,19294
2022-10-13 10:20:00,208.48,209.21,207.3938,208.4467,10238
2022-10-13 10:15:00,206.51,208.09,204.64,207.019,7336
2022-10-13 10:10:00,202.67,207.8,202.67,206.965,19605
2022-10-13 10:05:00,202.58,203.317,201.08,202.09,9911
2022-10-13 10:00:00,202.99,203.37,201.51,202.66,19140
2022-10-13 09:55:00,203.86,204.89,202.7562,202.7562,28751
2022-10-13 09:50:00,201.08,203.61,201.08,203.52,17562
2022-10-13 09:45:00,200.11,203.5,198.3,201.5,24863
2022-10-13 09:40:00,201.98,202.02,199.17,200.62,11284
2022-10-13 09:35:00,201.48,202.0,198.125,201.485,30015
2022-10-13 09:30:00,200.98,200.98,200.98,200.98,200
2022-10-13 09:25:00,200.11,200.11,200.11,200.11,210
2022-10-13 09:20:00,200.7,202.49,200.7,202.49,422
2022-10-13 09:15:00,203.0,203.0,199.96,200.01,2020
2022-10-13 09:10:00,204.0,204.0,202.5105,202.5105,871
2022-10-13 09:05:00,203.98,204.0,203.98,204.0,375
2022-10-13 09:00:00,203.9899,203.9899,203.98,203.98,565
2022-10-13 08:55:00,201.5,202.0011,201.5,202.0011,3198
2022-10-13 08:50:00,201.27,201.5,200.1001,200.1001,5269
2022-10-13 08:45:00,202.21,203.21,201.72,201.72,2621
2022-10-13 08:40:00,205.01,205.01,199.8,199.8,6947
2022-10-13 08:35:00,216.0,216.0,205.01,205.7,2799
2022-10-13 08:30:00,217.0,217.0,216.0,216.96,1168
2022-10-13 08:25:00,217.0,217.0,216.97,216.97,236
2022-10-13 07:05:00,212.0,212.0,212.0,212.0,1457
2022-10-12 16:20:00,218.31,218.31,218.31,218.31,100
2022-10-12 16:05:00,218.38,218.38,218.38,218.38,537
2022-10-12 16:00:00,218.62,218.64,217.97,218.42,18184
2022-10-12 15:55:00,218.1,218.87,217.98,218.87,8854
2022-10-12 15:50:00,218.35,218.65,218.18,218.365,3880
2022-10-12 15:45:00,217.9763,218.18,217.925,218.055,5907
2022-10-12 15:40:00,217.69,218.2399,217.69,218.195,2303
2022-10-12 15:35:00,216.9,217.56,216.47,217.4549,2029
2022-10-12 15:30:00,216.68,217.085,216.61,217.085,514
2022-10-12 15:25:00,217.16,217.55,217.16,217.55,850
2022-10-12 15:20:00,216.635,217.42,216.635,217.42,1317
2022-10-12 15:15:00,216.23,216.65,216.23,216.515,1199
2022-10-12 15:10:00,215.71,215.71,215.71,215.71,391
2022-10-12 15:05:00,215.75,216.19,215.51,215.51,1679
2022-10-12 15:00:00,216.5979,216.5979,215.99,215.99,607
2022-10-12 14:55:00,216.82,217.0914,216.01,216.32,3030
2022-10-12 14:50:00,217.22,217.22,217.22,217.22,151
2022-10-12 14:45:00,217.5,217.97,217.15,217.15,583
2022-10-12 14:40:00,217.17,217.17,217.17,217.17,181
2022-10-12 14:35:00,217.53,217.53,217.145,217.145,740
2022-10-12 14:30:00,216.51,218.11,216.51,217.9,4228
2022-10-12 14:25:00,214.975,216.26,214.58,216.26,2679
2022-10-12 14:20:00,215.295,215.295,215.295,215.295,170
2022-10-12 14:15:00,214.26,215.57,214.26,215.57,396
2022-10-12 14:10:00,214.29,215.5406,214.29,215.29,3053
2022-10-12 14:05:00,213.89,215.9,213.4,214.39,8952
2022-10-12 14:00:00,213.445,213.8,213.445,213.8,878
2022-10-12 13:55:00,213.95,214.11,213.95,213.98,419
2022-10-12 13:50:00,213.95,214.0,213.93,213.93,543
2022-10-12 13:45:00,213.89,214.0,213.4415,213.7123,1106
2022-10-12 13:40:00,213.75,213.75,213.75,213.75,256
2022-10-12 13:35:00,214.0,214.0,213.64,213.64,1268
2022-10-12 13:30:00,213.95,214.15,213.95,214.15,529
2022-10-12 13:20:00,214.055,214.055,213.59,213.59,905
2022-10-12 13:15:00,214.21,214.21,214.21,214.21,263
2022-10-12 13:10:00,213.6,214.0,213.425,214.0,1695
2022-10-12 13:05:00,213.2975,213.2975,212.91,213.055,1402
2022-10-12 13:00:00,213.3402,213.555,213.02,213.07,3427
2022-10-12 12:55:00,212.69,213.0,212.55,212.75,1596
2022-10-12 12:50:00,211.565,212.19,211.565,212.19,1327
2022-10-12 12:35:00,210.9,211.3,210.61,211.2379,1389
2022-10-12 12:30:00,212.97,212.97,210.7459,210.91,4044
2022-10-12 12:25:00,212.42,212.42,212.42,212.42,488
2022-10-12 12:20:00,211.63,212.5,211.63,212.225,1484
2022-10-12 12:15:00,212.15,212.8058,211.366,211.5596,1955
2022-10-12 12:10:00,212.57,213.1,211.5368,211.5368,1181
2022-10-12 12:05:00,213.0,213.0,213.0,213.0,242
2022-10-12 12:00:00,213.88,213.88,213.735,213.735,227
2022-10-12 11:55:00,213.5,213.5,213.5,213.5,746
2022-10-12 11:50:00,212.1195,213.18,212.1195,212.74,716
2022-10-12 11:45:00,211.84,213.3,211.75,213.15,2787
2022-10-12 11:40:00,210.48,211.64,210.48,211.64,738
2022-10-12 11:35:00,211.76,211.7716,210.7027,210.77,1149
2022-10-12 11:30:00,211.735,211.735,211.42,211.72,564
2022-10-12 11:25:00,211.11,212.16,211.11,212.09,3745
2022-10-12 11:20:00,210.96,211.84,210.92,211.84,2228
2022-10-12 11:15:00,210.45,210.45,210.45,210.45,2273
2022-10-12 11:10:00,209.235,210.15,209.0,210.15,2758
2022-10-12 11:05:00,209.52,209.99,209.52,209.87,2941
2022-10-12 11:00:00,209.095,209.92,208.755,209.0,2685
2022-10-12 10:55:00,209.09,209.09,208.26,208.36,1814
2022-10-12 10:50:00,207.56,209.11,207.02,209.11,3821
2022-10-12 10:45:00,208.48,208.5,207.25,207.37,2640
2022-10-12 10:40:00,208.27,208.77,207.65,208.205,7609
2022-10-12 10:35:00,207.805,209.12,207.13,208.75,2700
2022-10-12 10:30:00,207.0,208.2087,206.8054,207.51,2471
2022-10-12 10:25:00,207.44,207.44,205.51,206.495,6954
2022-10-12 10:20:00,208.14,208.44,207.5912,208.21,4399
2022-10-12 10:15:00,208.115,208.53,206.14,208.42,20791
2022-10-12 10:10:00,209.76,209.76,206.4,207.865,20352
2022-10-12 10:05:00,211.08,212.14,210.0,210.0,7711
2022-10-12 10:00:00,211.5334,212.236,210.75,211.975,10709
2022-10-12 09:55:00,213.94,214.49,211.21,211.21,6825
2022-10-12 09:50:00,217.47,217.95,214.33,214.33,3799
2022-10-12 09:45:00,217.51,217.6749,215.0701,217.54,8054
2022-10-12 09:40:00,216.89,218.81,216.825,217.28,4744
2022-10-12 09:35:00,218.18,218.18,214.01,215.0036,6780
2022-10-12 08:40:00,217.2,217.2,217.2,217.2,471
2022-10-12 08:35:00,217.01,217.01,217.01,217.01,409
2022-10-11 16:05:00,216.37,216.37,216.37,216.37,331
2022-10-11 16:00:00,216.3,217.73,215.91,216.19,17403
2022-10-11 15:55:00,215.7,216.56,214.99,216.56,6370
2022-10-11 15:50:00,214.85,215.76,214.75,215.31,3750
2022-10-11 15:45:00,214.92,215.35,214.53,214.97,2785
2022-10-11 15:40:00,214.67,215.51,214.53,214.7771,1595
2022-10-11 15:35:00,213.95,214.43,213.8,214.43,1824
2022-10-11 15:30:00,214.524,215.0162,213.72,213.875,5468
2022-10-11 15:25:00,214.575,215.06,214.429,214.8,1891
2022-10-11 15:20:00,214.5,214.695,213.55,214.57,7794
2022-10-11 15:15:00,214.75,214.75,213.8,214.6,4355
2022-10-11 15:10:00,214.7403,215.4,214.7403,215.15,3278
2022-10-11 15:05:00,214.76,214.76,213.89,213.89,6477
2022-10-11 15:00:00,215.12,215.12,214.3,214.6636,9613
2022-10-11 14:55:00,216.04,216.11,215.12,215.35,4900
2022-10-11 14:50:00,217.02,217.02,215.75,216.04,4970
2022-10-11 14:45:00,218.85,219.467,217.99,217.99,3999
2022-10-11 14:40:00,219.13,219.13,218.83,218.9988,2274
2022-10-11 14:35:00,218.78,219.51,218.64,219.3334,5053
2022-10-11 14:30:00,218.12,218.63,218.12,218.3,2719
2022-10-11 14:25:00,217.99,218.36,217.77,218.1975,3176
2022-10-11 14:20:00,218.88,218.88,217.89,218.1,6394
2022-10-11 14:15:00,218.481,218.69,218.481,218.69,2099
2022-10-11 14:10:00,220.87,221.56,219.3277,219.78,7333
2022-10-11 14:05:00,221.16,221.34,220.6,220.9,4856
2022-10-11 14:00:00,220.61,221.12,220.58,220.91,4283
2022-10-11 13:55:00,221.78,222.28,221.26,221.26,737
2022-10-11 13:50:00,222.0,222.22,222.0,222.1,1579
2022-10-11 13:45:00,221.745,221.845,221.575,221.575,889
2022-10-11 13:40:00,222.01,222.17,221.97,222.12,2616
2022-10-11 13:35:00,222.47,222.595,221.68,222.0,3340
2022-10-11 13:30:00,224.17,224.17,222.505,222.51,3997
2022-10-11 13:25:00,223.775,223.805,223.775,223.805,378
2022-10-11 13:20:00,224.06,224.11,223.63,223.715,2022
2022-10-11 13:15:00,224.81,224.81,223.36,224.2,1655
2022-10-11 13:10:00,224.515,224.515,224.515,224.515,352
2022-10-11 13:05:00,225.56,225.56,225.4379,225.4379,1327
2022-10-11 13:00:00,225.5,226.3099,225.34,225.34,2285
2022-10-11 12:55:00,227.0537,227.0537,225.7162,225.7162,910
2022-10-11 12:50:00,227.2639,227.2639,226.8079,227.2223,745
2022-10-11 12:45:00,225.84,227.0,225.78,227.0,3320
2022-10-11 12:40:00,224.66,225.01,224.05,225.01,3193
2022-10-11 12:35:00,224.99,224.99,224.77,224.77,491
2022-10-11 12:30:00,225.14,225.155,224.58,224.58,812
2022-10-11 12:25:00,225.47,226.25,225.14,225.14,3619
2022-10-11 12:20:00,224.61,225.38,224.1,225.0,4441
2022-10-11 12:15:00,223.3119,224.6723,223.3119,224.6723,855
2022-10-11 12:10:00,222.99,223.24,222.38,223.24,1125
2022-10-11 12:05:00,225.0,225.19,223.74,223.74,1009
2022-10-11 12:00:00,226.11,226.1871,225.35,225.35,3022
2022-10-11 11:55:00,226.49,227.25,226.09,226.21,5799
2022-10-11 11:50:00,224.7,226.76,224.7,226.4099,6188
2022-10-11 11:45:00,224.19,225.0,223.5,224.52,3101
2022-10-11 11:40:00,223.61,225.41,223.1501,223.8,6834
2022-10-11 11:35:00,222.59,223.65,221.47,223.61,4791
2022-10-11 11:30:00,221.99,222.28,221.21,222.28,2923
2022-10-11 11:25:00,221.2201,222.0389,221.2201,221.65,2369
2022-10-11 11:20:00,221.01,222.5,221.01,221.81,5059
2022-10-11 11:15:00,220.84,221.4,220.84,221.1282,2666
2022-10-11 11:10:00,220.0,220.32,219.51,220.17,5155
2022-10-11 11:05:00,217.0,220.38,217.0,220.0,5544
2022-10-11 11:00:00,218.28,218.755,217.0,217.1,2767
2022-10-11 10:55:00,217.82,218.22,217.24,218.22,2951
2022-10-11 10:50:00,217.47,217.76,216.88,217.7254,3880
2022-10-11 10:45:00,216.74,218.45,216.74,218.45,3655
2022-10-11 10:40:00,217.28,217.28,215.62,217.0811,2428
2022-10-11 10:35:00,214.16,216.865,214.16,216.865,3403
2022-10-11 10:30:00,216.44,217.28,215.82,215.82,4595
2022-10-11 10:25:00,215.2,215.75,214.64,215.4,2796
2022-10-11 10:20:00,214.825,216.82,214.825,216.73,7531
2022-10-11 10:15:00,213.26,215.75,213.26,215.75,4488
2022-10-11 10:10:00,212.6,214.19,212.36,214.19,6707
2022-10-11 10:05:00,216.015,216.09,212.205,213.0,13802
2022-10-11 10:00:00,217.3975,218.17,215.76,215.76,4192
2022-10-11 09:55:00,219.0,219.0,217.79,217.81,1046
2022-10-11 09:50:00,218.24,219.63,217.68,218.15,5306
2022-10-11 09:45:00,219.115,219.3164,217.65,218.01,3902
2022-10-11 09:40:00,219.16,220.6589,218.345,219.3422,4937
2022-10-11 09:35:00,221.21,222.09,219.1572,219.835,10744
2022-10-11 09:00:00,223.99,223.99,223.99,223.99,303
2022-10-11 08:50:00,226.0,226.0,226.0,226.0,100
2022-10-11 08:35:00,221.51,221.51,221.5,221.5,1150
2022-10-11 08:30:00,220.83,220.83,220.83,220.83,297
2022-10-11 08:25:00,222.0,222.0,222.0,222.0,383
2022-10-11 08:20:00,221.22,222.1044,221.22,222.1044,370
2022-10-11 08:00:00,218.0,219.03,218.0,219.03,963
2022-10-11 07:05:00,217.0,218.0,217.0,218.0,1204
2022-10-10 18:30:00,220.26,220.66,220.26,220.66,404
2022-10-10 16:05:00,220.65,222.09,220.65,220.65,728
2022-10-10 16:00:00,221.05,221.44,220.59,221.31,23550
2022-10-10 15:55:00,220.92,221.77,220.11,221.4325,6643
2022-10-10 15:50:00,220.44,221.3,220.42,220.49,1793
2022-10-10 15:40:00,220.13,220.76,220.035,220.76,1012
2022-10-10 15:35:00,219.54,220.039,219.54,220.039,719
2022-10-10 15:30:00,219.9908,219.9908,219.8,219.8,1468
2022-10-10 15:25:00,220.08,220.445,220.08,220.445,535
2022-10-10 15:20:00,220.1,220.69,219.9997,220.18,2581
2022-10-10 15:15:00,218.4143,218.4143,218.4143,218.4143,217
2022-10-10 15:10:00,219.2621,219.3399,218.79,219.3399,1754
2022-10-10 15:05:00,219.4,219.4,219.4,219.4,520
2022-10-10 14:55:00,219.77,220.1,219.58,220.1,1466
2022-10-10 14:45:00,220.88,220.93,220.41,220.41,910
2022-10-10 14:40:00,220.09,220.46,219.4923,220.46,4101
2022-10-10 14:30:00,218.59,219.54,218.59,219.23,4885
2022-10-10 14:25:00,219.15,219.17,218.51,218.51,944
2022-10-10 14:20:00,218.72,218.72,218.72,218.72,313
2022-10-10 14:15:00,219.38,219.38,219.38,219.38,140
2022-10-10 14:10:00,220.19,220.32,219.7,219.7,2381
2022-10-10 14:05:00,221.43,221.43,219.9527,220.05,1394
2022-10-10 14:00:00,221.965,222.53,221.5,221.5,2945
2022-10-10 13:55:00,221.9075,222.13,221.57,221.6684,2799
2022-10-10 13:50:00,218.44,222.11,218.42,221.35,9222
2022-10-10 13:45:00,218.33,218.5999,218.06,218.1757,1166
2022-10-10 13:40:00,217.99,218.12,217.93,218.12,1185
2022-10-10 13:35:00,217.74,219.03,217.74,219.03,1728
2022-10-10 13:30:00,216.99,217.47,216.62,217.47,2839
2022-10-10 13:25:00,217.08,217.46,216.8311,217.3216,2310
2022-10-10 13:20:00,216.71,217.125,216.18,216.735,1760
2022-10-10 13:15:00,216.26,217.4061,215.655,216.6203,3697
2022-10-10 13:10:00,215.89,215.89,215.313,215.74,4802
2022-10-10 13:05:00,216.445,216.445,215.26,215.6195,1729
2022-10-10 13:00:00,216.63,217.18,216.17,216.56,3750
2022-10-10 12:55:00,216.1,216.14,215.47,215.47,1886
2022-10-10 12:50:00,216.13,216.69,216.13,216.57,880
2022-10-10 12:45:00,216.54,217.58,216.38,216.9,2414
2022-10-10 12:40:00,217.05,217.125,215.94,216.225,8757
2022-10-10 12:35:00,217.8,217.8,217.0,217.0589,5446
2022-10-10 12:30:00,218.195,218.195,217.02,217.15,2744
2022-10-10 12:25:00,220.38,220.38,218.02,218.03,6147
2022-10-10 12:20:00,220.47,221.01,220.47,221.01,816
2022-10-10 12:15:00,220.54,220.54,220.12,220.32,1465
2022-10-10 12:10:00,221.78,221.78,221.0,221.0,1290
2022-10-10 12:05:00,222.62,222.9,221.55,221.57,6463
2022-10-10 12:00:00,222.54,223.31,222.0,222.0,5184
2022-10-10 11:55:00,222.6,223.4993,222.5,223.2488,3927
2022-10-10 11:50:00,221.23,221.9,220.92,221.9,2362
2022-10-10 11:45:00,221.01,221.2,220.36,221.2,3480
2022-10-10 11:40:00,222.49,222.49,220.6,221.5027,2332
2022-10-10 11:35:00,222.16,222.2696,221.54,222.2696,4869
2022-10-10 11:30:00,222.18,222.22,221.85,221.85,2528
2022-10-10 11:25:00,221.34,222.7278,221.34,222.7278,4032
2022-10-10 11:20:00,220.75,221.76,220.75,221.76,2237
2022-10-10 11:15:00,220.63,220.75,220.555,220.555,3201
2022-10-10 11:10:00,220.11,220.48,220.0,220.48,1083
2022-10-10 11:05:00,219.48,220.53,218.81,219.67,5299
2022-10-10 11:00:00,219.32,220.13,219.01,219.99,2109
2022-10-10 10:55:00,220.56,221.0446,219.13,219.13,2949
2022-10-10 10:50:00,221.71,222.2399,221.19,221.85,8251
2022-10-10 10:45:00,219.63,221.3194,219.21,221.02,8112
2022-10-10 10:40:00,224.42,224.42,220.0,220.0,5850
2022-10-10 10:35:00,225.0,225.93,223.665,223.93,3139
2022-10-10 10:30:00,223.66,226.24,223.66,225.0,5145
2022-10-10 10:25:00,224.4,225.16,224.35,225.0,3931
2022-10-10 10:20:00,224.64,225.6293,224.53,224.53,4211
2022-10-10 10:15:00,226.35,226.85,224.48,224.48,6192
2022-10-10 10:10:00,227.3994,228.75,226.88,226.88,2688
2022-10-10 10:05:00,229.87,230.47,227.32,228.34,9284
2022-10-10 10:00:00,228.62,230.91,227.78,229.8,16482
2022-10-10 09:55:00,230.18,231.2472,228.36,228.3662,9559
2022-10-10 09:50:00,230.31,231.86,230.01,230.25,8538
2022-10-10 09:45:00,227.16,230.21,226.85,230.0,19383
2022-10-10 09:40:00,227.28,228.3,224.56,227.59,11356
2022-10-10 09:35:00,219.62,228.49,219.62,227.21,40331
2022-10-10 09:25:00,222.12,222.12,222.12,222.12,101
2022-10-10 09:15:00,222.51,222.51,222.12,222.12,385
2022-10-10 09:05:00,222.01,222.01,222.01,222.01,220
2022-10-10 09:00:00,220.49,221.5,220.49,221.5,756
2022-10-10 08:35:00,220.0,220.0,220.0,220.0,310
2022-10-07 17:00:00,221.0,221.0,221.0,221.0,100
2022-10-07 16:55:00,220.3,220.3,220.3,220.3,543
2022-10-07 16:10:00,218.6,218.6,218.6,218.6,205
2022-10-07 16:05:00,220.3,220.3,220.3,220.3,460
2022-10-07 16:00:00,220.08,220.99,220.08,220.65,21637
2022-10-07 15:55:00,220.15,220.9887,219.782,220.425,15663
2022-10-07 15:50:00,219.89,220.32,219.515,219.925,11197
2022-10-07 15:45:00,219.71,220.406,219.21,220.212,7997
2022-10-07 15:40:00,218.48,219.835,218.48,219.67,6687
2022-10-07 15:35:00,219.535,219.535,218.66,218.983,2483
2022-10-07 15:30:00,220.7,220.7,219.3318,219.79,6422
2022-10-07 15:25:00,220.5778,220.9281,220.31,220.7229,1423
2022-10-07 15:20:00,221.425,221.7,220.345,220.345,3437
2022-10-07 15:15:00,221.7725,222.06,221.6,221.6,2472
2022-10-07 15:10:00,222.23,222.23,221.5,221.5,2378
2022-10-07 15:05:00,220.68,222.185,220.35,222.185,2755
2022-10-07 15:00:00,221.34,221.34,220.51,220.815,1311
2022-10-07 14:55:00,221.44,221.5,220.77,221.17,1801
2022-10-07 14:50:00,220.8925,221.35,220.83,221.2,1317
2022-10-07 14:45:00,221.7,221.7,221.0,221.01,1300
2022-10-07 14:40:00,221.41,221.9037,221.3401,221.43,2146
2022-10-07 14:35:00,220.71,221.0,220.34,221.0,1753
2022-10-07 14:30:00,221.0,221.1999,220.34,220.63,2239
2022-10-07 14:25:00,221.56,221.56,220.69,220.69,2248
2022-10-07 14:20:00,222.05,222.135,221.34,221.39,2318
2022-10-07 14:15:00,220.99,221.11,220.64,220.64,1164
2022-10-07 14:10:00,221.07,221.07,220.715,220.715,724
2022-10-07 14:05:00,220.535,221.358,220.535,221.358,1181
2022-10-07 14:00:00,221.58,221.58,220.41,220.41,1904
2022-10-07 13:55:00,221.125,221.1792,220.64,220.77,1426
2022-10-07 13:50:00,220.99,221.5,220.85,220.85,1748
2022-10-07 13:45:00,220.5495,221.5,220.135,221.5,2055
2022-10-07 13:40:00,220.53,220.53,220.0,220.0,956
2022-10-07 13:35:00,220.51,220.51,220.1,220.39,1444
2022-10-07 13:30:00,220.6083,221.19,220.6083,220.855,2203
2022-10-07 13:25:00,220.71,220.78,220.05,220.6186,3030
2022-10-07 13:20:00,220.145,220.92,220.145,220.92,2446
2022-10-07 13:15:00,218.32,219.69,218.32,219.515,2292
2022-10-07 13:10:00,218.46,218.46,218.0757,218.0757,1291
2022-10-07 13:05:00,219.835,219.835,218.6857,218.6857,624
2022-10-07 13:00:00,220.36,220.84,219.68,219.7083,1966
2022-10-07 12:55:00,218.73,219.813,218.73,219.813,5251
2022-10-07 12:50:00,217.87,218.01,217.66,217.905,3534
2022-10-07 12:45:00,218.63,218.63,218.0,218.0227,2440
2022-10-07 12:40:00,218.14,218.32,218.14,218.32,729
2022-10-07 12:35:00,218.475,218.78,218.27,218.7175,2303
2022-10-07 12:30:00,219.625,219.99,218.35,218.77,5935
2022-10-07 12:25:00,222.6,222.6,219.42,220.1399,29549
2022-10-07 12:20:00,223.0,223.0,222.37,222.83,2695
2022-10-07 12:15:00,223.9,224.24,222.99,223.41,2624
2022-10-07 12:10:00,224.52,224.52,223.55,224.24,1985
2022-10-07 12:05:00,223.4264,224.01,223.4264,224.0,1795
2022-10-07 12:00:00,223.8405,224.1,223.63,224.1,1781
2022-10-07 11:55:00,223.92,224.2,223.92,224.07,1669
2022-10-07 11:50:00,225.7,225.7,223.52,223.57,24738
2022-10-07 11:45:00,227.02,227.02,225.02,225.8127,6900
2022-10-07 11:40:00,226.7,227.96,226.7,227.59,1236
2022-10-07 11:35:00,227.05,228.1431,227.05,227.32,2171
2022-10-07 11:30:00,226.68,226.8269,226.68,226.8269,835
2022-10-07 11:25:00,226.29,227.0,226.21,226.84,4824
2022-10-07 11:20:00,227.64,227.64,226.8,227.25,5977
2022-10-07 11:15:00,228.2,228.215,226.95,227.09,4102
2022-10-07 11:10:00,229.13,229.13,228.5,228.5,402
2022-10-07 11:05:00,229.59,229.59,229.426,229.426,485
2022-10-07 11:00:00,229.37,229.37,229.37,229.37,597
2022-10-07 10:55:00,229.8871,229.8871,228.72,229.42,2734
2022-10-07 10:50:00,229.8741,230.52,229.15,230.52,1148
2022-10-07 10:45:00,228.51,229.7,228.468,229.17,3835
2022-10-07 10:40:00,229.35,229.35,227.71,227.71,6190
2022-10-07 10:35:00,231.11,231.11,229.38,230.0,2177
2022-10-07 10:30:00,231.365,231.365,230.38,230.38,1026
2022-10-07 10:25:00,231.26,231.77,230.43,231.77,3728
2022-10-07 10:20:00,230.1024,231.975,230.1024,231.25,4862
2022-10-07 10:15:00,231.64,231.79,230.5,230.5,3263
2022-10-07 10:10:00,230.275,230.95,229.77,230.95,6168
2022-10-07 10:05:00,229.73,230.51,229.01,230.1425,4631
2022-10-07 10:00:00,230.75,230.75,229.55,229.575,3771
2022-10-07 09:55:00,231.43,231.43,229.73,230.0,15123
2022-10-07 09:50:00,232.32,232.7,231.2001,231.5337,9020
2022-10-07 09:45:00,235.56,236.0,231.5297,232.0,6954
2022-10-07 09:40:00,234.37,235.19,233.01,235.18,6638
2022-10-07 09:35:00,234.0,235.16,231.49,234.64,16376
2022-10-07 09:10:00,232.02,233.0,232.0,233.0,580
2022-10-07 09:00:00,231.01,231.01,231.01,231.01,200
2022-10-07 08:35:00,237.0,237.0,237.0,237.0,410
2022-10-06 16:00:00,241.75,242.02,240.97,241.63,16889
2022-10-06 15:55:00,240.885,242.07,240.885,242.07,5441
2022-10-06 15:50:00,241.025,241.2,240.5601,241.2,2469
2022-10-06 15:45:00,241.32,241.48,241.1175,241.1175,1331
2022-10-06 15:40:00,241.0,241.62,241.0,241.4875,2582
2022-10-06 15:35:00,241.68,241.68,241.68,241.68,417
2022-10-06 15:25:00,241.5,241.5,241.12,241.28,754
2022-10-06 15:20:00,241.3406,241.3406,241.23,241.3,822
2022-10-06 15:15:00,240.96,241.33,240.9,241.13,6494
2022-10-06 15:10:00,240.83,241.0,240.448,241.0,2361
2022-10-06 15:05:00,240.58,240.96,240.58,240.96,1112
2022-10-06 15:00:00,240.26,240.41,240.26,240.41,795
2022-10-06 14:55:00,240.6153,240.6153,239.65,240.2,2309
2022-10-06 14:50:00,241.12,241.12,240.52,240.56,619
2022-10-06 14:45:00,241.52,241.81,241.52,241.745,778
2022-10-06 14:40:00,242.1,242.1,241.5533,241.5533,2805
2022-10-06 14:35:00,242.71,243.105,241.89,241.89,1612
2022-10-06 14:30:00,242.59,242.59,242.59,242.59,257
2022-10-06 14:25:00,242.05,242.185,242.05,242.185,545
2022-10-06 14:20:00,242.63,242.63,242.0,242.03,3233
2022-10-06 14:15:00,242.62,242.62,242.62,242.62,257
2022-10-06 14:10:00,242.56,242.56,241.56,241.56,1746
2022-10-06 14:05:00,243.23,243.5,242.2475,242.27,1561
2022-10-06 14:00:00,243.91,244.09,243.36,243.36,1803
2022-10-06 13:55:00,243.5,243.92,243.2077,243.2077,2272
2022-10-06 13:50:00,243.09,243.35,242.904,243.26,2073
2022-10-06 13:45:00,242.47,242.47,242.33,242.33,408
2022-10-06 13:35:00,243.1449,243.1449,242.3,242.64,1042
2022-10-06 13:30:00,243.6225,243.6225,243.2,243.22,3979
2022-10-06 13:25:00,243.34,244.18,243.34,243.45,1846
2022-10-06 13:20:00,243.2,243.2,242.785,242.785,529
2022-10-06 13:15:00,241.57,243.04,241.57,243.04,1285
2022-10-06 13:10:00,242.02,242.1,242.02,242.1,617
2022-10-06 13:05:00,241.255,241.26,241.255,241.26,600
2022-10-06 13:00:00,241.54,241.54,241.54,241.54,274
2022-10-06 12:55:00,241.6203,242.16,241.6203,242.16,741
2022-10-06 12:50:00,242.41,243.09,242.41,243.04,456
2022-10-06 12:45:00,241.77,242.4527,241.77,242.4527,414
2022-10-06 12:40:00,242.5453,242.5453,242.5453,242.5453,133
2022-10-06 12:35:00,241.71,241.71,241.57,241.57,862
2022-10-06 12:25:00,239.99,241.0,239.99,240.965,1454
2022-10-06 12:20:00,239.2149,239.85,239.15,239.505,820
2022-10-06 12:15:00,239.2325,239.52,239.05,239.52,581
2022-10-06 12:10:00,238.41,238.41,238.41,238.41,377
2022-10-06 12:05:00,240.0,240.3,239.36,239.84,1673
2022-10-06 12:00:00,242.9,242.9,240.0001,240.49,2677
2022-10-06 11:55:00,244.16,244.2,243.41,244.15,3801
2022-10-06 11:50:00,242.05,244.9799,242.05,244.9799,3455
2022-10-06 11:45:00,241.8375,241.8375,241.8375,241.8375,103
2022-10-06 11:40:00,242.83,242.83,242.83,242.83,109
2022-10-06 11:35:00,242.56,243.3442,242.56,243.3336,1011
2022-10-06 11:30:00,242.9,243.19,242.81,242.91,26764
2022-10-06 11:25:00,243.57,244.22,242.88,243.405,6465
2022-10-06 11:20:00,241.5,242.85,241.0601,242.85,1644
2022-10-06 11:15:00,241.971,242.0345,241.971,242.0345,220
2022-10-06 11:10:00,242.47,242.47,241.495,242.3,1467
2022-10-06 11:05:00,242.3646,243.5178,242.3646,242.6661,1543
2022-10-06 11:00:00,241.8018,242.9321,241.43,242.81,6622
2022-10-06 10:55:00,241.95,241.95,241.1388,241.1388,836
2022-10-06 10:50:00,240.16,241.9267,239.6379,241.9267,3331
2022-10-06 10:45:00,239.17,240.45,239.08,240.35,2960
2022-10-06 10:40:00,237.4966,238.6703,237.49,238.6703,467
2022-10-06 10:35:00,236.95,239.07,236.2501,238.39,3586
2022-10-06 10:30:00,239.2,239.55,237.6,237.6,1553
2022-10-06 10:25:00,239.25,239.25,238.07,238.075,855
2022-10-06 10:20:00,239.71,241.6599,238.5374,238.5374,5065
2022-10-06 10:15:00,239.45,239.7176,238.06,239.7176,4759
2022-10-06 10:10:00,241.5,241.5,238.71,239.83,9174
2022-10-06 10:05:00,243.3801,243.3801,240.0,241.6124,9613
2022-10-06 10:00:00,247.0,247.7399,243.74,244.72,9257
2022-10-06 09:55:00,246.14,248.0,246.14,247.0,9215
2022-10-06 09:50:00,248.5,248.5,244.914,245.312,6782
2022-10-06 09:45:00,247.127,249.1662,246.0,249.0,11521
2022-10-06 09:40:00,244.73,246.0,244.01,245.99,6125
2022-10-06 09:35:00,242.19,245.4,241.27,243.91,15163
2022-10-06 09:05:00,242.0,242.0,242.0,242.0,602
2022-10-06 08:50:00,243.85,243.85,243.1,243.1,618
2022-10-06 08:45:00,243.98,244.2,243.98,244.2,1096
2022-10-06 08:40:00,244.2,244.2,244.2,244.2,152
2022-10-06 08:35:00,243.98,243.98,243.98,243.98,538
2022-10-06 07:35:00,241.9,241.9,241.9,241.9,609
2022-10-05 19:30:00,242.22,242.22,242.22,242.22,100
2022-10-05 16:05:00,242.19,242.19,242.19,242.19,778
2022-10-05 16:00:00,242.48,243.15,242.07,242.75,16910
2022-10-05 15:55:00,243.39,243.39,242.24,242.365,9842
2022-10-05 15:50:00,245.0,245.25,242.4,242.8401,36638
2022-10-05 15:45:00,244.63,245.66,244.63,245.22,8488
2022-10-05 15:40:00,244.21,244.9,244.205,244.27,8908
2022-10-05 15:35:00,244.04,244.48,243.8958,244.48,4248
2022-10-05 15:30:00,244.24,244.24,243.2501,243.62,5492
2022-10-05 15:25:00,245.3025,245.3025,244.1667,244.2091,3650
2022-10-05 15:20:00,245.15,245.75,245.0,245.1331,6117
2022-10-05 15:15:00,243.14,245.0,243.14,245.0,13075
2022-10-05 15:10:00,242.81,243.3,242.0,243.25,10834
2022-10-05 15:05:00,240.6038,243.0,240.6038,242.85,27036
2022-10-05 15:00:00,239.33,240.54,239.08,240.54,4870
2022-10-05 14:55:00,239.2613,239.7,238.5301,238.9,4967
2022-10-05 14:50:00,240.42,240.42,239.22,239.3405,5639
2022-10-05 14:45:00,239.38,239.855,239.38,239.79,3756
2022-10-05 14:40:00,239.6081,239.945,239.41,239.945,943
2022-10-05 14:35:00,239.2,239.2,239.2,239.2,583
2022-10-05 14:30:00,238.785,239.18,238.12,238.8847,3370
2022-10-05 14:25:00,239.21,239.21,238.922,238.922,2746
2022-10-05 14:20:00,238.51,239.39,238.51,239.39,3530
2022-10-05 14:15:00,239.22,239.22,238.695,238.695,1232
2022-10-05 14:10:00,239.225,239.225,238.15,238.285,2794
2022-10-05 14:05:00,238.25,239.1593,238.25,239.1593,3829
2022-10-05 14:00:00,239.53,239.7099,238.26,238.26,1192
2022-10-05 13:55:00,239.88,239.88,238.91,239.38,1487
2022-10-05 13:50:00,238.705,239.63,238.705,239.5831,3683
2022-10-05 13:45:00,240.325,240.325,238.25,238.25,8488
2022-10-05 13:40:00,239.6532,240.3,239.0,240.25,3976
2022-10-05 13:35:00,240.77,240.77,239.33,239.33,4152
2022-10-05 13:30:00,241.99,242.04,241.0,241.29,1923
2022-10-05 13:25:00,242.8232,243.5,242.745,242.955,3059
2022-10-05 13:20:00,241.98,243.19,241.98,242.77,3565
2022-10-05 13:10:00,240.59,241.36,240.59,240.79,11772
2022-10-05 13:05:00,239.81,240.5,239.6,240.5,2218
2022-10-05 13:00:00,241.02,241.02,240.431,240.431,3294
2022-10-05 12:55:00,240.67,241.34,240.67,241.025,1703
2022-10-05 12:50:00,238.8261,241.14,237.85,241.14,7770
2022-10-05 12:45:00,236.945,238.48,236.72,238.11,7580
2022-10-05 12:40:00,236.54,237.34,236.54,236.945,6064
2022-10-05 12:35:00,238.9883,238.9883,237.36,237.42,9279
2022-10-05 12:30:00,239.58,239.58,238.775,239.33,2453
2022-10-05 12:25:00,240.8,240.84,239.37,239.37,3543
2022-10-05 12:20:00,240.4259,241.8,240.12,240.74,3903
2022-10-05 12:15:00,238.5,240.02,238.0975,239.87,5384
2022-10-05 12:10:00,235.9239,238.75,235.9239,238.75,12582
2022-10-05 12:05:00,236.75,236.75,236.16,236.16,885
2022-10-05 12:00:00,236.93,237.0,236.525,236.89,1196
2022-10-05 11:55:00,235.4,236.41,235.4,236.41,1592
2022-10-05 11:50:00,237.0705,237.0705,235.87,235.87,7440
2022-10-05 11:45:00,236.5,237.35,236.5,237.1,3022
2022-10-05 11:40:00,235.88,236.95,235.88,236.7591,7178
2022-10-05 11:35:00,235.7,235.86,235.585,235.585,839
2022-10-05 11:30:00,236.5,236.65,235.54,235.66,2498
2022-10-05 11:25:00,234.8701,236.5,234.8701,236.2,7113
2022-10-05 11:20:00,233.81,236.0,233.81,236.0,4766
2022-10-05 11:15:00,233.55,234.42,233.55,234.42,2497
2022-10-05 11:10:00,235.485,235.84,234.5,234.55,3013
2022-10-05 11:05:00,232.44,235.56,232.44,234.76,5005
2022-10-05 11:00:00,233.42,233.42,232.44,232.64,1378
2022-10-05 10:55:00,234.1511,234.1511,233.1,233.99,2803
2022-10-05 10:50:00,234.32,234.97,234.01,234.75,5567
2022-10-05 10:45:00,233.9433,234.065,233.9433,234.065,1356
2022-10-05 10:40:00,233.0,234.82,232.4748,234.5091,9148
2022-10-05 10:35:00,233.41,233.57,233.01,233.14,6757
2022-10-05 10:30:00,234.83,235.0,233.78,233.78,4572
2022-10-05 10:25:00,235.18,235.27,233.79,235.0,6120
2022-10-05 10:20:00,237.1331,237.1331,234.72,235.07,3153
2022-10-05 10:15:00,236.545,238.23,236.545,238.1,6726
2022-10-05 10:10:00,236.49,237.28,235.0601,236.7,17248
2022-10-05 10:05:00,239.78,239.78,236.61,236.79,11088
2022-10-05 10:00:00,238.34,240.16,237.5,239.61,9292
2022-10-05 09:55:00,237.85,238.97,236.11,238.1275,4328
2022-10-05 09:50:00,236.6625,239.33,236.5525,239.1919,9465
2022-10-05 09:45:00,241.235,241.9465,236.127,236.1272,21538
2022-10-05 09:40:00,243.9599,243.9599,240.25,241.09,6859
2022-10-05 09:35:00,240.94,244.84,240.55,242.07,17831
2022-10-05 09:30:00,242.0,242.0,241.0,241.0,350
2022-10-05 09:25:00,240.0,240.0,240.0,240.0,555
2022-10-05 09:15:00,241.0,241.0,241.0,241.0,711
2022-10-05 09:10:00,242.1,242.1,242.1,242.1,110
2022-10-05 08:55:00,242.0001,242.0001,242.0001,242.0001,100
2022-10-05 07:30:00,245.0,245.0,245.0,245.0,100
2022-10-04 19:50:00,249.12,249.12,249.12,249.12,200
2022-10-04 18:30:00,250.63,250.63,250.63,250.63,254
2022-10-04 16:55:00,251.0,251.0,251.0,251.0,2005
2022-10-04 16:50:00,251.0,251.0,251.0,251.0,410
2022-10-04 16:35:00,250.52,250.52,250.52,250.52,209
2022-10-04 16:30:00,250.52,250.52,250.52,250.52,339
2022-10-04 16:25:00,250.0,250.0,250.0,250.0,228
2022-10-04 16:20:00,249.9,250.52,249.9,250.52,1363
2022-10-04 16:15:00,249.2097,249.85,249.2097,249.85,1540
2022-10-04 16:05:00,248.74,248.74,248.74,248.74,2357
2022-10-04 16:00:00,247.5,249.12,247.5,248.74,34992
2022-10-04 15:55:00,245.46,247.18,245.46,247.18,14638
2022-10-04 15:50:00,244.14,245.459,244.14,245.459,7515
2022-10-04 15:45:00,244.625,244.625,243.83,244.22,3761
2022-10-04 15:40:00,244.25,245.1599,244.04,244.31,4527
2022-10-04 15:35:00,244.81,244.86,244.26,244.48,3019
2022-10-04 15:30:00,244.85,244.94,244.26,244.26,3674
2022-10-04 15:25:00,246.03,246.07,244.58,244.99,4660
2022-10-04 15:20:00,247.02,247.25,245.98,245.98,9945
2022-10-04 15:15:00,247.11,247.49,246.28,246.7904,9022
2022-10-04 15:10:00,247.59,247.925,246.5,247.4901,7482
2022-10-04 15:05:00,247.25,248.31,246.73,247.4684,12247
2022-10-04 15:00:00,246.2406,247.05,246.22,246.94,4408
2022-10-04 14:55:00,245.97,247.4357,245.74,246.41,13599
2022-10-04 14:50:00,243.8002,246.0,243.67,245.7414,31940
2022-10-04 14:45:00,243.04,244.0,243.04,243.83,5847
2022-10-04 14:40:00,242.57,243.0,241.9001,243.0,3268
2022-10-04 14:35:00,241.5,242.6082,241.495,242.38,6807
2022-10-04 14:30:00,242.165,242.5031,241.01,241.1059,11807
2022-10-04 14:25:00,241.94,242.3799,241.61,241.93,3409
2022-10-04 14:20:00,241.88,242.49,241.88,241.93,3738
2022-10-04 14:15:00,241.975,242.77,241.84,241.84,5835
2022-10-04 14:10:00,241.45,242.08,241.24,241.81,2322
2022-10-04 14:05:00,241.51,241.995,241.25,241.25,4337
2022-10-04 14:00:00,241.17,241.5,240.4885,241.5,10491
2022-10-04 13:55:00,239.84,241.84,239.84,241.76,6435
2022-10-04 13:50:00,239.294,239.9519,239.0,239.48,9891
2022-10-04 13:45:00,239.0,239.0,238.91,238.91,1654
2022-10-04 13:40:00,238.0978,238.545,238.0978,238.52,1684
2022-10-04 13:35:00,237.895,238.38,237.78,238.11,7693
2022-10-04 13:30:00,236.63,237.7699,236.63,237.7699,3007
2022-10-04 13:25:00,235.275,236.38,235.03,235.8834,3228
2022-10-04 13:20:00,235.61,235.92,235.32,235.35,5300
2022-10-04 13:15:00,236.22,236.84,236.05,236.05,1935
2022-10-04 13:10:00,237.105,237.105,235.0,236.11,8052
2022-10-04 13:05:00,237.77,237.9,237.0,237.5,3246
2022-10-04 13:00:00,236.765,237.81,236.4159,237.81,4331
2022-10-04 12:55:00,237.235,237.5,236.6,236.6,1947
2022-10-04 12:50:00,238.7634,238.7634,236.98,237.8,5327
2022-10-04 12:45:00,238.32,238.48,238.1544,238.27,3066
2022-10-04 12:40:00,238.1798,238.8,237.9429,238.0,3439
2022-10-04 12:35:00,238.99,239.395,238.31,238.71,7797
2022-10-04 12:30:00,237.25,239.04,236.7489,238.4199,7416
2022-10-04 12:25:00,237.2999,237.97,236.64,237.1499,6504
2022-10-04 12:20:00,238.28,238.5699,237.6,237.69,2448
2022-10-04 12:15:00,238.83,238.94,237.7288,238.3,7573
2022-10-04 12:10:00,239.9623,240.08,238.55,238.895,6134
2022-10-04 12:05:00,239.365,239.6499,238.51,239.61,2657
2022-10-04 12:00:00,237.07,239.09,236.79,238.9357,5565
2022-10-04 11:55:00,237.54,237.54,236.1875,236.878,9890
2022-10-04 11:50:00,237.95,238.28,237.208,237.705,1749
2022-10-04 11:45:00,238.8,239.12,238.2069,238.2069,2897
2022-10-04 11:40:00,238.6126,239.12,238.01,238.52,4303
2022-10-04 11:35:00,239.37,239.98,238.29,238.52,10716
2022-10-04 11:30:00,241.51,241.51,239.81,239.81,5836
2022-10-04 11:25:00,243.2,243.47,241.35,241.8,5437
2022-10-04 11:20:00,242.12,243.54,241.87,243.2,6788
2022-10-04 11:15:00,242.19,242.19,241.45,242.0,3247
2022-10-04 11:10:00,241.92,242.34,241.92,242.2083,3187
2022-10-04 11:05:00,244.655,245.0,241.6,241.6,7422
2022-10-04 11:00:00,243.89,244.86,243.03,244.86,6518
2022-10-04 10:55:00,241.75,244.37,241.63,244.37,6475
2022-10-04 10:50:00,241.5,241.575,241.2,241.575,2736
2022-10-04 10:45:00,241.0,242.4,240.67,242.18,6538
2022-10-04 10:40:00,240.61,241.2,240.3757,241.05,4060
2022-10-04 10:35:00,240.59,240.59,239.535,240.23,3877
2022-10-04 10:30:00,240.0546,241.68,240.0,241.68,6105
2022-10-04 10:25:00,242.4548,242.4548,239.68,239.74,8125
2022-10-04 10:20:00,243.965,244.055,243.0,243.27,10259
2022-10-04 10:15:00,243.95,245.28,243.01,244.035,7152
2022-10-04 10:10:00,244.15,245.8,243.59,245.0,10224
2022-10-04 10:05:00,245.4,246.17,243.91,244.19,11295
2022-10-04 10:00:00,243.84,244.9799,242.56,244.51,5141
2022-10-04 09:55:00,244.37,246.35,243.11,243.11,10943
2022-10-04 09:50:00,241.95,245.015,241.1229,244.37,26987
2022-10-04 09:45:00,240.5,242.385,240.02,241.7746,18862
2022-10-04 09:40:00,243.0,243.86,238.54,241.22,15414
2022-10-04 09:35:00,235.84,242.7,235.84,242.325,33846
2022-10-04 09:25:00,234.89,234.89,234.89,234.89,133
2022-10-04 09:20:00,234.995,234.995,234.99,234.99,327
2022-10-04 09:10:00,234.0,234.0,234.0,234.0,538
2022-10-04 09:05:00,233.9806,234.0,232.85,234.0,3850
2022-10-04 09:00:00,233.9264,233.9264,233.9146,233.9146,500
2022-10-04 08:55:00,232.01,232.01,232.01,232.01,132
2022-10-04 08:15:00,234.0,234.0,233.9931,233.9931,256
2022-10-04 08:10:00,233.03,233.03,233.03,233.03,100
2022-10-04 08:05:00,237.0,246.15,237.0,246.15,1145
2022-10-04 08:00:00,233.0,233.0,233.0,233.0,1048
2022-10-04 07:45:00,234.0,234.0,234.0,234.0,240
2022-10-04 07:35:00,234.16,234.16,234.16,234.16,109
2022-10-04 07:25:00,235.1,235.1,235.1,235.1,423
2022-10-04 05:15:00,231.72,231.72,231.72,231.72,287
2022-10-04 04:35:00,232.0,232.0,232.0,232.0,275
2022-10-04 04:15:00,230.21,230.21,230.21,230.21,150
2022-10-03 19:00:00,223.0,223.0,223.0,223.0,400
2022-10-03 17:45:00,220.559,220.559,220.559,220.559,100
2022-10-03 16:05:00,224.52,224.52,224.52,224.52,786
2022-10-03 16:00:00,224.54,224.98,222.61,224.57,21980
2022-10-03 15:55:00,224.74,225.0,223.3101,224.225,11373
2022-10-03 15:50:00,224.03,224.94,223.6101,224.17,18488
2022-10-03 15:45:00,224.61,224.77,223.86,224.0,4946
2022-10-03 15:40:00,223.78,225.939,223.41,225.21,16394
2022-10-03 15:35:00,224.54,224.54,223.8,223.81,4279
2022-10-03 15:30:00,223.4132,224.23,223.4,224.0967,6803
2022-10-03 15:25:00,221.5833,223.2,221.47,223.0,9228
2022-10-03 15:20:00,225.425,225.425,221.87,221.94,9247
2022-10-03 15:15:00,226.19,226.5582,225.51,225.51,6003
2022-10-03 15:10:00,226.32,227.47,226.32,226.37,5012
2022-10-03 15:05:00,227.9,227.9,226.835,226.97,8351
2022-10-03 15:00:00,228.14,228.42,227.67,228.17,11297
2022-10-03 14:55:00,227.8,228.09,227.545,228.0,3651
2022-10-03 14:50:00,228.205,228.3,227.25,227.25,6283
2022-10-03 14:45:00,227.95,228.2,227.88,228.04,8867
2022-10-03 14:40:00,227.62,228.17,227.2001,228.17,6085
2022-10-03 14:35:00,227.77,227.9499,227.16,227.62,4369
2022-10-03 14:30:00,226.02,227.62,225.83,227.62,10507
2022-10-03 14:25:00,224.83,226.47,224.83,226.25,7168
2022-10-03 14:20:00,224.3,224.99,224.3,224.97,6561
2022-10-03 14:15:00,223.39,224.52,223.39,223.96,3253
2022-10-03 14:10:00,223.76,224.4,223.34,224.11,3240
2022-10-03 14:05:00,223.32,223.73,223.32,223.73,961
2022-10-03 14:00:00,223.0,223.3799,222.255,223.12,6001
2022-10-03 13:55:00,223.555,223.555,223.01,223.32,2270
2022-10-03 13:50:00,223.6,224.29,223.5601,223.63,3504
2022-10-03 13:45:00,223.3,223.7354,223.02,223.02,2033
2022-10-03 13:40:00,223.9006,224.0,223.01,223.16,4597
2022-10-03 13:35:00,222.7,223.79,222.7,223.79,1291
2022-10-03 13:30:00,221.93,222.11,221.6738,221.91,2751
2022-10-03 13:25:00,219.33,222.44,219.33,221.57,7284
2022-10-03 13:20:00,219.6,219.96,219.565,219.96,600
2022-10-03 13:15:00,219.74,219.74,219.2951,219.32,1208
2022-10-03 13:10:00,219.02,219.2825,219.02,219.265,2283
2022-10-03 13:05:00,219.03,219.24,218.69,218.69,2276
2022-10-03 13:00:00,217.77,218.72,217.77,218.45,1086
2022-10-03 12:55:00,218.3,218.81,218.3,218.435,2302
2022-10-03 12:50:00,219.0395,219.67,219.0395,219.67,1265
2022-10-03 12:45:00,219.33,219.44,219.12,219.12,994
2022-10-03 12:40:00,219.5,220.4,219.4114,219.4114,3602
2022-10-03 12:35:00,218.91,219.65,218.885,219.65,2024
2022-10-03 12:30:00,218.85,219.2,218.19,218.19,1438
2022-10-03 12:25:00,218.46,218.46,218.46,218.46,321
2022-10-03 12:20:00,218.98,219.7,218.37,218.37,1798
2022-10-03 12:15:00,219.5,219.8883,218.85,219.395,847
2022-10-03 12:10:00,218.925,219.48,218.61,219.48,3095
2022-10-03 12:05:00,218.2,219.0389,218.16,218.8,1156
2022-10-03 12:00:00,218.367,218.367,217.03,218.2,2270
2022-10-03 11:55:00,218.991,219.04,218.39,218.39,661
2022-10-03 11:50:00,218.1,218.32,217.75,218.32,3211
2022-10-03 11:45:00,218.79,218.79,217.8959,217.8959,986
2022-10-03 11:40:00,219.88,219.885,219.33,219.42,1919
2022-10-03 11:35:00,220.5015,220.58,220.5015,220.58,642
2022-10-03 11:30:00,218.95,218.95,218.8252,218.8252,1420
2022-10-03 11:25:00,219.16,220.1,219.16,219.4,2664
2022-10-03 11:20:00,219.5546,219.8095,219.5546,219.8095,521
2022-10-03 11:15:00,219.0073,220.21,218.865,218.865,5711
2022-10-03 11:10:00,216.9587,217.76,216.9587,217.76,858
2022-10-03 11:05:00,217.61,218.2,216.895,216.895,2448
2022-10-03 11:00:00,217.57,218.19,217.57,217.9579,1273
2022-10-03 10:55:00,217.595,218.17,217.5095,218.06,2324
2022-10-03 10:50:00,219.325,220.68,218.81,218.81,3254
2022-10-03 10:45:00,220.7173,220.77,219.3,219.3,3213
2022-10-03 10:40:00,220.47,221.17,220.01,220.71,6017
2022-10-03 10:35:00,220.45,221.13,219.61,220.35,7095
2022-10-03 10:30:00,217.32,220.5944,217.32,220.5944,10394
2022-10-03 10:25:00,216.3,217.99,215.45,217.99,5179
2022-10-03 10:20:00,216.24,216.92,214.78,216.92,4291
2022-10-03 10:15:00,217.75,218.8,216.5,216.76,5807
2022-10-03 10:10:00,217.4483,219.44,217.4483,218.48,7409
2022-10-03 10:05:00,217.0,219.82,215.93,218.55,10382
2022-10-03 10:00:00,217.5,217.5,214.6616,215.0032,6969
2022-10-03 09:55:00,216.655,218.0,216.37,216.9925,3510
2022-10-03 09:50:00,215.82,218.79,215.54,218.49,12808
2022-10-03 09:45:00,213.24,216.36,212.14,216.0069,6089
2022-10-03 09:40:00,212.27,215.8029,212.27,214.1554,7616
2022-10-03 09:35:00,213.9,216.9999,212.2,214.0,18323
2022-10-03 09:30:00,215.02,215.02,215.02,215.02,200
2022-10-03 09:25:00,215.9,215.9,215.9,215.9,332
2022-10-03 08:35:00,214.99,214.99,214.99,214.99,412
2022-10-03 08:25:00,211.2841,211.2841,211.2841,211.2841,195
2022-10-03 08:10:00,211.118,211.118,211.118,211.118,200
2022-10-03 08:05:00,213.77,214.5,213.77,214.5,2132
2022-10-03 08:00:00,213.77,213.77,213.77,213.77,270
2022-10-03 07:50:00,212.9,212.9,212.9,212.9,214
2022-10-03 07:25:00,211.25,211.25,211.25,211.25,174
2022-10-03 07:05:00,211.0,211.0,211.0,211.0,100
2022-10-03 05:15:00,207.11,207.11,207.11,207.11,310
2022-09-30 17:40:00,211.0,211.0,211.0,211.0,150
2022-09-30 17:30:00,211.6,211.6,211.6,211.6,150
2022-09-30 16:15:00,212.06,212.06,211.99,211.99,1239
2022-09-30 16:05:00,212.26,212.26,212.0,212.0,597
2022-09-30 16:00:00,213.26,213.595,212.205,212.67,23763
2022-09-30 15:55:00,213.9,214.13,213.0,213.56,27680
2022-09-30 15:50:00,214.19,214.61,213.86,213.91,5030
2022-09-30 15:45:00,215.0,215.36,214.36,214.51,7499
2022-09-30 15:40:00,215.75,215.87,215.03,215.03,3275
2022-09-30 15:35:00,216.787,216.787,216.0,216.0,1184
2022-09-30 15:30:00,216.36,216.63,215.9,216.63,2863
2022-09-30 15:25:00,217.42,218.08,216.64,216.64,1251
2022-09-30 15:20:00,216.2,217.0,215.85,217.0,2019
2022-09-30 15:15:00,216.59,216.59,215.87,216.11,3575
2022-09-30 15:10:00,217.7,217.7,216.88,217.45,4156
2022-09-30 15:05:00,215.35,217.6291,215.35,216.48,5160
2022-09-30 15:00:00,215.425,215.425,215.425,215.425,252
2022-09-30 14:55:00,216.14,216.3343,216.14,216.3343,703
2022-09-30 14:50:00,216.11,216.36,215.6,216.36,4827
2022-09-30 14:45:00,217.3175,217.3175,215.99,216.63,2833
2022-09-30 14:40:00,218.1,218.24,217.25,217.73,1621
2022-09-30 14:35:00,217.9,218.31,217.79,218.3,3061
2022-09-30 14:30:00,218.56,218.56,216.8,216.8,2705
2022-09-30 14:25:00,218.765,218.765,218.765,218.765,148
2022-09-30 14:20:00,218.4963,218.4963,218.4963,218.4963,418
2022-09-30 14:15:00,218.31,219.05,217.77,218.0,11220
2022-09-30 14:10:00,217.89,218.94,217.89,218.89,1570
2022-09-30 14:05:00,217.84,218.185,217.685,217.685,2973
2022-09-30 14:00:00,217.83,218.155,217.25,217.25,503
2022-09-30 13:55:00,216.375,217.87,216.27,217.79,3165
2022-09-30 13:50:00,217.7454,217.7454,217.1901,217.1901,1709
2022-09-30 13:45:00,218.62,218.625,217.21,217.21,2147
2022-09-30 13:40:00,220.0,220.0,219.9,219.9,1596
2022-09-30 13:35:00,221.06,221.06,220.0,220.11,838
2022-09-30 13:30:00,219.93,220.59,219.93,220.59,1206
2022-09-30 13:25:00,220.08,220.08,219.75,219.75,462
2022-09-30 13:20:00,220.055,220.0825,219.16,220.0825,432
2022-09-30 13:15:00,220.88,220.96,219.93,219.93,1089
2022-09-30 13:10:00,219.4754,220.2,219.4754,219.8349,2196
2022-09-30 13:05:00,219.37,219.96,218.8313,219.96,2301
2022-09-30 13:00:00,219.8,220.22,219.42,219.58,2165
2022-09-30 12:55:00,220.9805,220.9805,220.9805,220.9805,556
2022-09-30 12:50:00,221.0,221.0,220.05,220.83,1659
2022-09-30 12:45:00,221.12,221.67,221.12,221.27,1082
2022-09-30 12:40:00,220.05,221.0,220.05,220.655,2830
2022-09-30 12:35:00,220.34,220.34,220.0,220.0,821
2022-09-30 12:30:00,219.35,219.85,219.33,219.4558,2109
2022-09-30 12:25:00,218.6445,218.66,217.94,218.66,4085
2022-09-30 12:20:00,219.09,219.97,218.56,218.56,1468
2022-09-30 12:15:00,217.0,218.755,216.94,218.705,3448
2022-09-30 12:10:00,217.97,217.97,217.97,217.97,240
2022-09-30 12:05:00,218.49,218.5818,217.54,217.54,1456
2022-09-30 12:00:00,218.89,219.5,218.885,219.4,2138
2022-09-30 11:55:00,220.345,220.345,219.28,219.61,5278
2022-09-30 11:50:00,219.495,221.0,218.0246,221.0,8262
2022-09-30 11:45:00,220.915,220.915,218.82,219.65,4385
2022-09-30 11:40:00,222.0,222.0,220.01,220.328,6394
2022-09-30 11:35:00,222.9,223.8099,222.198,222.3,2739
2022-09-30 11:30:00,223.7646,224.14,223.0,223.0,2491
2022-09-30 11:25:00,223.3609,224.7,223.12,223.6437,5274
2022-09-30 11:20:00,225.4897,226.04,223.895,224.44,8236
2022-09-30 11:15:00,225.01,225.98,224.14,225.23,14678
2022-09-30 11:10:00,224.18,225.75,224.0,225.45,7955
2022-09-30 11:05:00,224.46,224.5,222.8,223.66,5686
2022-09-30 11:00:00,222.1658,224.3333,220.8888,223.355,10924
2022-09-30 10:55:00,222.87,223.0,221.31,221.38,4998
2022-09-30 10:50:00,220.11,222.815,220.11,221.73,6069
2022-09-30 10:45:00,222.0,222.0,220.6243,221.12,3909
2022-09-30 10:40:00,220.58,222.6,220.53,222.59,9241
2022-09-30 10:35:00,218.89,220.67,218.6404,220.52,9222
2022-09-30 10:30:00,216.83,218.85,216.83,217.245,5012
2022-09-30 10:25:00,215.69,217.15,215.59,217.0072,2692
2022-09-30 10:20:00,215.3701,216.99,215.03,216.72,5165
2022-09-30 10:15:00,215.8,216.29,215.5,216.0,3862
2022-09-30 10:10:00,214.0075,216.0325,214.0075,215.99,5960
2022-09-30 10:05:00,212.2012,214.52,212.2012,213.9061,1979
2022-09-30 10:00:00,216.0,217.0,214.46,214.8,6973
2022-09-30 09:55:00,212.04,216.0,212.04,215.1199,7537
2022-09-30 09:50:00,212.23,213.1,210.46,211.01,4164
2022-09-30 09:45:00,211.45,214.08,208.81,213.07,8184
2022-09-30 09:40:00,212.0,212.0,208.07,210.175,5368
2022-09-30 09:35:00,208.51,212.27,207.11,212.27,9694
2022-09-30 09:30:00,210.0,210.0,210.0,210.0,110
2022-09-30 09:15:00,209.87,209.99,209.87,209.99,295
2022-09-30 09:00:00,210.0,210.06,210.0,210.06,915
2022-09-30 08:55:00,210.13,210.13,210.13,210.13,558
2022-09-30 08:50:00,211.11,211.5,211.11,211.5,393
2022-09-30 08:45:00,211.0,211.0,210.17,210.17,343
2022-09-30 08:40:00,209.94,209.94,209.94,209.94,202
2022-09-30 08:35:00,210.01,210.01,210.01,210.01,511
2022-09-30 07:55:00,213.0,213.0,213.0,213.0,199
2022-09-30 06:05:00,216.0,216.0,216.0,216.0,200
2022-09-30 04:40:00,216.0,216.0,216.0,216.0,133
2022-09-29 16:10:00,212.0,212.0,212.0,212.0,100
2022-09-29 16:05:00,211.82,211.82,211.82,211.82,367
2022-09-29 16:00:00,211.63,212.729,211.4301,212.25,11451
2022-09-29 15:55:00,211.65,211.95,210.9179,211.95,5695
2022-09-29 15:50:00,211.71,212.39,210.97,211.75,7719
2022-09-29 15:45:00,212.44,213.24,211.37,211.77,4485
2022-09-29 15:40:00,211.95,213.129,211.79,212.885,2854
2022-09-29 15:35:00,210.54,212.45,210.54,212.26,5363
2022-09-29 15:30:00,209.94,210.21,209.628,209.955,3727
2022-09-29 15:25:00,210.465,210.465,209.82,210.1,1783
2022-09-29 15:20:00,210.62,211.21,210.1,210.29,2639
2022-09-29 15:15:00,208.98,210.4287,208.76,209.906,5500
2022-09-29 15:10:00,209.29,209.9,209.29,209.37,1833
2022-09-29 15:05:00,208.44,209.0,208.44,209.0,1038
2022-09-29 15:00:00,207.68,208.17,207.68,208.0,1620
2022-09-29 14:55:00,208.0962,208.31,208.0,208.16,1019
2022-09-29 14:50:00,209.23,209.23,208.0,208.0,1854
2022-09-29 14:45:00,209.49,209.49,208.87,208.88,1119
2022-09-29 14:40:00,208.99,210.0708,208.99,209.37,6629
2022-09-29 14:35:00,208.896,209.45,208.2095,208.2095,3593
2022-09-29 14:30:00,207.71,209.36,207.63,208.75,6038
2022-09-29 14:25:00,206.69,207.52,206.61,207.52,5899
2022-09-29 14:20:00,207.89,207.9,206.53,207.11,4063
2022-09-29 14:15:00,207.82,208.35,207.82,207.9701,2641
2022-09-29 14:10:00,207.31,208.465,207.31,208.35,4151
2022-09-29 14:05:00,207.19,207.19,206.51,206.52,2338
2022-09-29 14:00:00,208.06,208.475,207.58,207.65,1959
2022-09-29 13:55:00,209.5905,209.5905,207.56,207.66,9367
2022-09-29 13:50:00,210.7892,210.7892,209.84,209.99,10045
2022-09-29 13:45:00,211.2,212.0,210.9,211.125,4441
2022-09-29 13:40:00,212.63,212.7699,211.868,211.868,7455
2022-09-29 13:35:00,212.16,212.9,211.85,212.7,2531
2022-09-29 13:30:00,212.79,212.86,212.79,212.86,454
2022-09-29 13:25:00,213.19,213.19,211.8763,211.99,2506
2022-09-29 13:20:00,213.3,214.2,213.3,213.515,598
2022-09-29 13:15:00,211.93,213.36,211.93,213.24,2583
2022-09-29 13:10:00,210.87,211.9,210.7175,210.7176,7167
2022-09-29 13:05:00,212.11,212.11,211.21,211.24,1635
2022-09-29 13:00:00,213.98,214.28,212.1,212.1,5821
2022-09-29 12:55:00,215.2,215.645,214.78,214.78,8403
2022-09-29 12:50:00,215.26,215.96,215.26,215.6,3000
2022-09-29 12:45:00,214.35,216.31,214.35,215.98,8907
2022-09-29 12:40:00,212.92,214.44,212.92,214.44,4324
2022-09-29 12:35:00,212.0,212.92,212.0,212.92,1965
2022-09-29 12:30:00,211.3,212.2,211.295,212.2,3661
2022-09-29 12:25:00,211.69,211.8,210.75,210.75,2326
2022-09-29 12:20:00,213.18,213.18,211.64,211.64,3080
2022-09-29 12:15:00,213.96,213.96,212.5101,213.88,1615
2022-09-29 12:10:00,214.16,214.16,214.13,214.13,353
2022-09-29 12:05:00,213.7,213.7,212.98,213.5,3192
2022-09-29 12:00:00,212.45,213.6999,212.45,213.08,2188
2022-09-29 11:55:00,212.0,213.01,211.99,213.0,5005
2022-09-29 11:50:00,212.0,212.0,211.135,211.135,1173
2022-09-29 11:45:00,210.56,211.98,210.31,211.98,6965
2022-09-29 11:40:00,209.945,211.445,209.945,210.91,5190
2022-09-29 11:35:00,210.22,210.7499,209.99,210.0,5476
2022-09-29 11:30:00,210.26,210.26,209.04,209.04,1109
2022-09-29 11:25:00,209.38,209.98,209.0,209.7,3085
2022-09-29 11:20:00,209.725,209.725,209.725,209.725,292
2022-09-29 11:15:00,210.94,210.94,209.56,209.92,6348
2022-09-29 11:10:00,208.97,210.9999,208.97,210.8802,6477
2022-09-29 11:05:00,210.28,210.8399,210.28,210.8399,1485
2022-09-29 11:00:00,209.8,210.6085,209.08,209.88,4886
2022-09-29 10:55:00,209.67,210.73,209.67,210.6722,3154
2022-09-29 10:50:00,209.13,209.87,209.08,209.08,2027
2022-09-29 10:45:00,208.77,210.1,208.36,209.9,5790
2022-09-29 10:40:00,208.0,208.35,206.9821,207.98,9434
2022-09-29 10:35:00,208.01,208.68,208.0,208.05,3622
2022-09-29 10:30:00,209.65,210.76,208.971,210.0,6905
2022-09-29 10:25:00,209.0,209.5385,208.47,208.47,1755
2022-09-29 10:20:00,206.31,207.31,205.55,207.31,3655
2022-09-29 10:15:00,208.39,208.5,205.56,206.0,6589
2022-09-29 10:10:00,207.97,209.65,207.81,207.82,7585
2022-09-29 10:05:00,208.63,208.63,206.5501,207.13,8607
2022-09-29 10:00:00,208.9,210.39,208.24,209.1,10982
2022-09-29 09:55:00,209.33,210.0,208.2234,209.32,11593
2022-09-29 09:50:00,210.04,212.01,208.63,208.63,11497
2022-09-29 09:45:00,212.81,212.81,209.69,209.8,12311
2022-09-29 09:40:00,215.0,215.0,211.28,211.28,8424
2022-09-29 09:35:00,214.25,215.9025,212.75,214.9,10321
2022-09-29 09:30:00,215.8,215.98,215.8,215.98,502
2022-09-29 09:25:00,215.77,215.77,215.7,215.7,210
2022-09-29 09:20:00,215.4,215.41,215.4,215.41,280
2022-09-29 08:40:00,213.6,215.0,213.6,214.9,840
2022-09-29 08:10:00,215.0,215.0,215.0,215.0,518
2022-09-29 08:00:00,216.87,216.87,216.0,216.0,559
2022-09-29 07:50:00,216.87,216.87,216.87,216.87,300
2022-09-29 04:45:00,215.0,215.0,215.0,215.0,259
2022-09-29 04:35:00,219.99,219.99,215.0,215.0,910
2022-09-28 16:50:00,220.0773,220.0773,220.0773,220.0773,320
2022-09-28 16:05:00,220.47,220.47,220.47,220.47,1136
2022-09-28 16:00:00,220.92,221.86,220.045,220.39,31110
2022-09-28 15:55:00,219.72,221.12,219.42,220.9499,19914
2022-09-28 15:50:00,217.955,219.68,217.955,219.27,7661
2022-09-28 15:45:00,218.17,218.95,218.17,218.95,2593
2022-09-28 15:40:00,218.4398,218.8802,217.93,218.28,7817
2022-09-28 15:35:00,217.7296,218.36,217.7296,218.14,3664
2022-09-28 15:30:00,216.54,217.53,216.48,217.43,2350
2022-09-28 15:25:00,216.95,217.15,216.4,217.13,4449
2022-09-28 15:20:00,217.2325,217.61,216.95,216.95,3345
2022-09-28 15:15:00,217.48,217.61,217.45,217.45,2318
2022-09-28 15:10:00,217.28,217.84,216.73,217.305,4651
2022-09-28 15:05:00,216.855,217.37,216.7301,217.13,2103
2022-09-28 15:00:00,216.66,216.9362,216.24,216.46,2013
2022-09-28 14:55:00,216.19,216.3,216.18,216.3,1051
2022-09-28 14:50:00,215.82,216.198,215.82,216.198,1825
2022-09-28 14:45:00,216.8,216.8,215.67,215.67,2326
2022-09-28 14:40:00,216.42,216.99,216.3183,216.9287,3945
2022-09-28 14:35:00,216.0,216.4,215.1,216.34,2650
2022-09-28 14:30:00,215.24,215.8336,214.56,215.8336,2283
2022-09-28 14:25:00,214.83,214.83,214.83,214.83,224
2022-09-28 14:20:00,214.92,214.92,214.02,214.56,3832
2022-09-28 14:15:00,214.6,214.78,214.58,214.58,950
2022-09-28 14:10:00,214.37,214.42,214.36,214.41,2784
2022-09-28 14:05:00,213.98,213.98,213.0,213.53,2076
2022-09-28 14:00:00,215.0,215.03,212.81,213.98,18421
2022-09-28 13:55:00,214.14,214.93,214.14,214.93,1817
2022-09-28 13:50:00,215.9961,215.9961,214.58,214.59,2740
2022-09-28 13:45:00,217.17,217.2198,216.83,216.92,1251
2022-09-28 13:40:00,217.0,217.16,216.57,216.86,2523
2022-09-28 13:35:00,216.35,217.4499,216.35,216.69,1695
2022-09-28 13:30:00,215.7595,216.0912,215.7595,216.0912,467
2022-09-28 13:25:00,216.11,216.9053,216.11,216.9053,3317
2022-09-28 13:20:00,215.62,217.1,215.62,216.0,4956
2022-09-28 13:15:00,215.6,215.97,215.1,215.28,3269
2022-09-28 13:10:00,213.96,215.4684,213.95,215.1534,3987
2022-09-28 13:05:00,214.0714,214.08,213.36,213.36,1552
2022-09-28 13:00:00,213.95,213.95,213.34,213.635,1066
2022-09-28 12:55:00,213.14,213.9975,213.14,213.9975,337
2022-09-28 12:50:00,214.78,215.1248,213.4501,213.4501,5197
2022-09-28 12:45:00,214.69,214.69,213.64,214.6,7243
2022-09-28 12:40:00,215.61,215.93,213.8393,213.86,2978
2022-09-28 12:35:00,215.9015,215.965,215.59,215.92,1726
2022-09-28 12:30:00,216.845,216.845,216.33,216.33,3028
2022-09-28 12:25:00,217.26,217.5794,216.78,217.01,2273
2022-09-28 12:20:00,217.735,218.3499,217.715,218.3499,1707
2022-09-28 12:15:00,217.2612,218.0,216.82,218.0,2266
2022-09-28 12:10:00,216.93,217.651,216.3,216.89,5112
2022-09-28 12:05:00,216.465,217.64,216.0,217.3,11207
2022-09-28 12:00:00,216.18,216.82,215.63,216.1854,21363
2022-09-28 11:55:00,216.39,216.914,215.81,216.51,1874
2022-09-28 11:50:00,215.67,216.93,215.56,216.32,1915
2022-09-28 11:45:00,215.1277,215.1277,214.67,214.67,443
2022-09-28 11:40:00,215.09,216.2,214.74,214.74,2151
2022-09-28 11:35:00,215.48,215.93,214.12,215.27,12242
2022-09-28 11:30:00,217.33,217.6823,216.28,216.28,2422
2022-09-28 11:25:00,216.225,217.95,216.225,217.732,4417
2022-09-28 11:20:00,215.99,216.21,214.98,216.0,3144
2022-09-28 11:15:00,215.1,216.06,214.43,214.43,1858
2022-09-28 11:10:00,214.08,214.08,214.08,214.08,159
2022-09-28 11:05:00,213.4,215.0,213.4,214.885,4049
2022-09-28 11:00:00,215.0,215.074,212.75,214.04,11521
2022-09-28 10:55:00,215.33,215.525,214.05,214.712,6099
2022-09-28 10:50:00,216.0,216.8099,215.1101,216.0,13441
2022-09-28 10:45:00,216.7321,217.3842,216.05,216.7259,4020
2022-09-28 10:40:00,216.06,216.8104,215.4,216.055,5659
2022-09-28 10:35:00,216.99,217.1,216.0,216.4291,3408
2022-09-28 10:30:00,214.52,216.83,214.4,216.7,14676
2022-09-28 10:25:00,211.48,213.31,210.7,211.4862,3877
2022-09-28 10:20:00,209.99,211.452,209.79,210.737,10659
2022-09-28 10:15:00,209.9164,211.19,209.79,210.76,6584
2022-09-28 10:10:00,211.76,212.57,210.0,210.1,9371
2022-09-28 10:05:00,213.34,215.49,211.89,212.3261,13721
2022-09-28 10:00:00,212.01,213.46,211.8701,212.28,4704
2022-09-28 09:55:00,212.6599,213.82,211.9213,211.9213,4953
2022-09-28 09:50:00,210.72,213.94,210.0,213.03,10794
2022-09-28 09:45:00,210.38,212.0292,209.835,209.835,8212
2022-09-28 09:40:00,209.0,210.74,208.137,210.3535,5936
2022-09-28 09:35:00,207.6,211.18,207.5,208.5,20128
2022-09-28 09:30:00,207.5,207.5,207.31,207.31,3473
2022-09-28 09:10:00,207.0,207.01,207.0,207.0,1111
2022-09-28 09:05:00,206.5,206.5,206.5,206.5,842
2022-09-28 09:00:00,207.0,207.0,206.5,206.5,231
2022-09-28 08:55:00,209.0,209.0,207.69,207.69,567
2022-09-28 08:50:00,207.4,207.4,207.4,207.4,209
2022-09-28 08:45:00,206.0,206.0,206.0,206.0,763
2022-09-28 08:40:00,206.89,206.89,206.89,206.89,140
2022-09-28 08:30:00,204.63,206.04,204.63,206.04,520
2022-09-28 08:05:00,201.0015,201.0015,201.0015,201.0015,130
2022-09-28 07:40:00,201.22,201.22,201.22,201.22,251
2022-09-28 07:10:00,201.81,201.81,201.81,201.81,163
2022-09-28 07:05:00,202.23,202.23,202.23,202.23,150
2022-09-28 06:35:00,205.0,205.0,205.0,205.0,101
2022-09-28 06:25:00,206.0,206.0,206.0,206.0,382
2022-09-28 06:05:00,197.63,201.5,197.63,201.0,1057
2022-09-28 05:55:00,196.5,196.5,196.5,196.5,173
2022-09-28 05:45:00,197.82,197.82,197.82,197.82,300
2022-09-28 05:05:00,197.26,197.26,197.26,197.26,250
2022-09-27 19:15:00,206.25,206.5,206.25,206.5,268
2022-09-27 16:05:00,206.07,206.07,206.07,206.07,5469
2022-09-27 16:00:00,207.27,207.31,205.8,205.81,18631
2022-09-27 15:55:00,205.12,207.39,205.12,207.39,10895
2022-09-27 15:50:00,205.25,205.33,204.84,205.13,7443
2022-09-27 15:45:00,204.295,205.2301,203.43,205.2301,10343
2022-09-27 15:40:00,205.47,205.73,203.91,203.91,7532
2022-09-27 15:35:00,205.845,206.53,205.14,205.34,6063
2022-09-27 15:30:00,207.405,207.405,206.475,206.525,2683
2022-09-27 15:25:00,208.51,208.73,207.21,207.68,9430
2022-09-27 15:20:00,208.08,208.86,207.79,208.86,7046
2022-09-27 15:15:00,207.755,208.44,207.29,208.2622,4884
2022-09-27 15:10:00,207.365,207.85,206.92,207.79,4988
2022-09-27 15:05:00,208.06,208.06,206.01,207.4595,4245
2022-09-27 15:00:00,207.53,208.19,207.53,208.07,2593
2022-09-27 14:55:00,207.67,208.23,207.3925,208.07,3055
2022-09-27 14:50:00,206.15,207.48,206.0,207.48,3368
2022-09-27 14:45:00,205.22,207.0957,205.22,206.0,6037
2022-09-27 14:40:00,204.6675,205.5,204.47,205.24,2994
2022-09-27 14:35:00,205.26,205.26,204.26,204.26,5549
2022-09-27 14:30:00,204.43,204.795,204.43,204.795,1297
2022-09-27 14:25:00,203.63,203.685,203.6,203.6,943
2022-09-27 14:20:00,203.91,204.2048,203.6,203.6,725
2022-09-27 14:15:00,205.3332,205.3332,203.8808,204.4228,2602
2022-09-27 14:10:00,205.2,205.2,204.1479,204.8,3350
2022-09-27 14:05:00,203.6523,205.285,203.6523,205.285,3397
2022-09-27 14:00:00,203.32,203.32,202.5408,202.5408,4329
2022-09-27 13:55:00,203.08,203.205,203.08,203.205,691
2022-09-27 13:50:00,201.82,203.61,201.82,203.61,4172
2022-09-27 13:45:00,203.45,203.45,201.8,202.65,7727
2022-09-27 13:40:00,204.1024,204.11,203.56,203.7,2569
2022-09-27 13:35:00,203.13,204.47,202.65,204.19,3979
2022-09-27 13:30:00,202.63,203.98,202.19,203.98,8709
2022-09-27 13:25:00,202.62,202.7709,202.465,202.7709,921
2022-09-27 13:20:00,202.65,203.28,202.4,202.74,3258
2022-09-27 13:15:00,202.4559,202.4559,201.15,202.42,4831
2022-09-27 13:10:00,202.065,202.99,201.91,201.91,2030
2022-09-27 13:05:00,202.78,203.0,201.0,201.0,5458
2022-09-27 13:00:00,204.19,204.59,203.25,203.9,3396
2022-09-27 12:55:00,203.55,204.32,201.8,204.2575,5175
2022-09-27 12:50:00,204.03,204.55,203.59,203.59,1449
2022-09-27 12:45:00,204.2872,204.2872,203.72,203.72,943
2022-09-27 12:40:00,203.95,204.27,203.93,204.0,2088
2022-09-27 12:35:00,204.76,205.3699,204.315,204.615,2994
2022-09-27 12:30:00,202.81,205.3025,202.75,204.4,7667
2022-09-27 12:25:00,202.13,203.04,201.6,202.27,15268
2022-09-27 12:20:00,203.343,203.343,202.1,202.23,7266
2022-09-27 12:15:00,204.51,204.52,203.0001,203.05,7436
2022-09-27 12:10:00,205.74,205.74,204.14,204.14,4301
2022-09-27 12:05:00,205.0,206.0592,204.29,205.806,19628
2022-09-27 12:00:00,207.815,207.815,205.0,205.0,26361
2022-09-27 11:55:00,209.3203,209.53,207.76,207.76,5756
2022-09-27 11:50:00,208.85,208.85,208.85,208.85,484
2022-09-27 11:45:00,210.2,210.5999,209.33,209.33,2619
2022-09-27 11:40:00,210.23,210.65,209.55,210.65,3537
2022-09-27 11:35:00,210.0,211.0399,209.36,210.54,5661
2022-09-27 11:30:00,211.14,212.36,208.72,209.84,11754
2022-09-27 11:25:00,211.52,211.955,210.3,210.42,5921
2022-09-27 11:20:00,212.4652,212.7,211.12,211.12,4469
2022-09-27 11:15:00,214.205,214.67,212.65,212.65,8238
2022-09-27 11:10:00,212.74,213.93,212.01,213.93,13904
2022-09-27 11:05:00,215.55,215.55,212.5401,212.74,11821
2022-09-27 11:00:00,214.3094,215.15,214.3094,214.6,4241
2022-09-27 10:55:00,217.3323,217.3323,214.25,214.25,7563
2022-09-27 10:50:00,216.4,218.0,216.34,216.7846,18803
2022-09-27 10:45:00,213.0802,215.6,213.0802,215.6,13854
2022-09-27 10:40:00,212.46,213.85,212.31,212.79,6021
2022-09-27 10:35:00,211.97,213.1799,211.43,212.02,9445
2022-09-27 10:30:00,211.16,213.0,211.16,211.8,9900
2022-09-27 10:25:00,210.37,212.0,209.57,211.0,4795
2022-09-27 10:20:00,210.81,211.0098,209.87,210.8826,6108
2022-09-27 10:15:00,209.66,210.9561,208.95,210.0,6874
2022-09-27 10:10:00,209.51,209.62,206.7,207.2949,12389
2022-09-27 10:05:00,212.62,212.62,209.0,209.2301,17776
2022-09-27 10:00:00,213.2,213.6855,211.31,211.95,8044
2022-09-27 09:55:00,212.925,213.97,211.0,213.01,27024
2022-09-27 09:50:00,216.56,216.56,213.01,213.01,35136
2022-09-27 09:45:00,218.47,219.22,215.7,217.1065,21609
2022-09-27 09:40:00,213.0,219.185,212.01,217.5,38274
2022-09-27 09:35:00,212.84,213.63,210.7,212.07,24611
2022-09-27 09:20:00,212.8773,212.8773,212.8773,212.8773,630
2022-09-27 09:10:00,211.18,211.18,211.18,211.18,436
2022-09-27 09:05:00,210.01,210.3,210.0,210.01,920
2022-09-27 09:00:00,212.04,212.04,211.02,211.8,2054
2022-09-27 08:55:00,212.51,212.51,212.0,212.0,1353
2022-09-27 08:50:00,212.99,212.99,212.99,212.99,704
2022-09-27 08:45:00,212.49,212.5,212.49,212.5,783
2022-09-27 08:40:00,211.97,212.5,211.97,212.5,376
2022-09-27 08:30:00,211.43,211.43,211.43,211.43,370
2022-09-27 08:25:00,213.0,213.0,213.0,213.0,501
2022-09-27 08:20:00,211.99,212.0,211.48,212.0,1710
2022-09-27 08:15:00,210.5,210.5,210.5,210.5,1014
2022-09-27 08:10:00,211.5,211.5,211.15,211.15,2660
2022-09-27 08:05:00,211.5,214.135,211.19,211.19,2340
2022-09-27 07:55:00,213.12,213.12,212.86,212.86,500
2022-09-27 07:10:00,211.5,211.5,211.5,211.5,269
2022-09-27 07:05:00,211.01,211.01,211.01,211.01,150
2022-09-27 04:40:00,210.0,210.0,210.0,210.0,244
2022-09-27 04:05:00,207.0,216.0,207.0,216.0,947
2022-09-26 16:05:00,200.18,200.18,200.18,200.18,486
2022-09-26 16:00:00,202.77,202.77,200.05,200.59,19801
2022-09-26 15:55:00,201.8,203.39,200.74,202.34,16395
2022-09-26 15:50:00,201.86,202.345,201.63,202.21,7403
2022-09-26 15:45:00,201.52,201.7,200.6,201.42,5242
2022-09-26 15:40:00,201.85,202.49,201.13,201.58,5922
2022-09-26 15:35:00,202.06,202.55,201.86,202.27,2873
2022-09-26 15:30:00,202.543,202.745,202.31,202.69,2730
2022-09-26 15:25:00,202.45,203.01,202.44,202.44,792
2022-09-26 15:20:00,203.01,203.41,202.435,202.62,4300
2022-09-26 15:15:00,203.0755,203.33,202.1995,202.98,3149
2022-09-26 15:10:00,203.11,203.5,201.89,202.78,7266
2022-09-26 15:05:00,203.73,203.99,202.94,203.59,3145
2022-09-26 15:00:00,203.0859,203.76,202.84,203.33,2296
2022-09-26 14:55:00,202.43,203.575,202.31,202.6115,15496
2022-09-26 14:50:00,200.04,202.3668,200.0,202.3668,8118
2022-09-26 14:45:00,200.76,200.88,199.92,200.29,3284
2022-09-26 14:40:00,201.74,201.74,199.96,200.73,2549
2022-09-26 14:35:00,201.4518,202.19,201.4518,202.11,1766
2022-09-26 14:30:00,202.0,202.54,201.42,201.68,7651
2022-09-26 14:25:00,201.66,203.1,201.3,203.08,27327
2022-09-26 14:20:00,201.02,202.0404,201.0,201.84,5501
2022-09-26 14:15:00,202.2,202.2,201.37,201.535,5400
2022-09-26 14:10:00,200.72,202.2017,200.72,202.2017,6433
2022-09-26 14:05:00,198.5,201.14,198.3,201.14,13089
2022-09-26 14:00:00,199.0642,199.0642,198.42,198.83,3691
2022-09-26 13:55:00,198.18,199.53,197.81,199.21,5475
2022-09-26 13:50:00,196.75,198.53,196.75,198.53,4692
2022-09-26 13:45:00,197.5,197.5,196.4603,196.75,1872
2022-09-26 13:40:00,197.16,197.185,197.16,197.185,377
2022-09-26 13:35:00,197.2,197.35,196.85,196.85,4180
2022-09-26 13:30:00,196.476,197.0,196.44,196.62,1646
2022-09-26 13:25:00,197.12,197.12,196.74,196.74,945
2022-09-26 13:20:00,196.3,196.99,195.9387,196.31,2256
2022-09-26 13:15:00,197.0,197.0,196.27,196.27,897
2022-09-26 13:10:00,197.3077,197.4,196.72,196.72,1191
2022-09-26 13:05:00,198.42,198.42,197.54,197.54,381
2022-09-26 13:00:00,198.06,198.98,197.87,198.98,7519
2022-09-26 12:55:00,197.105,198.285,197.095,197.904,10457
2022-09-26 12:50:00,195.74,197.685,195.68,197.625,4705
2022-09-26 12:45:00,195.69,196.363,195.32,195.77,3281
2022-09-26 12:40:00,194.9378,195.58,194.9378,195.44,4563
2022-09-26 12:35:00,197.2357,197.2357,195.0,195.13,17342
2022-09-26 12:30:00,197.86,197.86,196.85,197.6,10745
2022-09-26 12:25:00,199.03,199.3,198.29,198.4,4906
2022-09-26 12:20:00,198.8,199.7,198.74,199.65,2953
2022-09-26 12:15:00,198.3,198.5,197.98,198.1684,9621
2022-09-26 12:10:00,197.96,198.25,197.56,198.25,2547
2022-09-26 12:05:00,198.6455,198.66,197.19,198.61,6386
2022-09-26 12:00:00,197.5723,199.29,197.5723,198.73,12156
2022-09-26 11:55:00,196.77,197.0,196.3313,196.9807,4916
2022-09-26 11:50:00,196.8,197.99,196.5,197.0,7232
2022-09-26 11:45:00,197.96,198.3,196.49,196.49,10906
2022-09-26 11:40:00,198.1,198.42,197.79,197.81,2590
2022-09-26 11:35:00,196.9101,197.5599,196.77,197.48,5699
2022-09-26 11:30:00,196.9459,197.05,196.68,196.745,4624
2022-09-26 11:25:00,197.94,198.315,196.99,196.99,2666
2022-09-26 11:20:00,198.9918,198.995,197.58,197.96,2964
2022-09-26 11:15:00,196.94,198.61,196.48,198.61,2945
2022-09-26 11:10:00,198.4,198.4,195.7001,196.74,4319
2022-09-26 11:05:00,200.0,200.0,198.61,198.99,4089
2022-09-26 11:00:00,199.04,199.77,198.95,199.73,3633
2022-09-26 10:55:00,199.97,200.07,199.1501,199.67,6087
2022-09-26 10:50:00,200.58,200.92,199.65,200.48,17136
2022-09-26 10:45:00,201.09,201.44,200.01,200.51,5491
2022-09-26 10:40:00,201.485,202.48,201.46,201.9,13558
2022-09-26 10:35:00,204.105,204.22,202.15,202.15,4612
2022-09-26 10:30:00,205.4722,205.5,204.0,204.0,11014
2022-09-26 10:25:00,205.0,205.5,204.16,204.99,8084
2022-09-26 10:20:00,203.47,205.4,203.205,204.18,7939
2022-09-26 10:15:00,201.59,203.33,200.9301,202.72,8019
2022-09-26 10:10:00,202.64,204.0,201.08,201.5,6689
2022-09-26 10:05:00,201.88,202.0,201.0112,201.37,7114
2022-09-26 10:00:00,199.2,201.51,199.2,201.51,3008
2022-09-26 09:55:00,199.0,201.66,198.4,201.18,31533
2022-09-26 09:50:00,197.455,199.25,197.1303,197.8,7890
2022-09-26 09:45:00,198.75,199.25,196.19,197.0164,14790
2022-09-26 09:40:00,197.31,199.4,197.0869,198.55,15980
2022-09-26 09:35:00,191.82,198.0,191.5,198.0,19421
2022-09-26 09:15:00,192.2,192.2,192.2,192.2,1196
2022-09-26 09:05:00,193.01,193.01,192.81,192.81,471
2022-09-26 09:00:00,192.8,192.81,192.8,192.81,861
2022-09-26 08:40:00,189.05,189.05,189.03,189.03,508
2022-09-26 06:30:00,192.0,192.0,192.0,192.0,341
2022-09-26 06:10:00,191.99,191.99,191.99,191.99,300
2022-09-26 05:15:00,193.87,194.0,193.87,194.0,1402
2022-09-26 04:55:00,194.87,194.87,194.87,194.87,150
